Name,tau,tau_std,velocity_tau,velocity_tau_std,fwhm,fwhm_std,mean_Ts,mean_Ts_std,T_k_max,NHI_c,NHI_c_std,Order,v_shift
J043855-672153,0.0843376508412734,0.0044867021132727,246.96819895823648,0.1239395199969659,3.704504912539535,0.292544677800456,23.499447684192987,4.419762594585705,300.07491644394804,0.1424715722792328,0.0300339189783821,1,3.5737537989647024
J043855-672153,0.107848173538216,0.0039938515932468,241.00750885067632,0.1099017786374022,4.87300775256174,0.2801862251563354,30.9475102936632,3.769790551986676,519.2345088330155,0.3156127214060297,0.0440899908736494,0,3.999999999999971
J044047-695217,0.0529779812724485,0.0078183680796522,239.5385697637813,0.3171735601052762,4.382930833774915,0.7469437362792647,84.30509296,3.36989009,420.04766817945745,0.37986801,0.08696894,0,2.7039935897956013
J044056-662423,0.3131462488539019,0.0044305475540692,231.11503762234008,0.0273383285155564,3.940488966783724,0.0643817636389786,2.913138753847084,0.373361900373638,339.52329379972963,0.0697553283543382,0.009066396872322,0,-1.4999999999999716
J044415-684211,0.6884417411365032,0.016904834023872,241.3275753531816,0.079374724029647,6.592146606144032,0.1869274748069705,56.42294555905951,9.483471825262123,950.2175741102149,4.968996530044752,0.8557242866006786,0,0.8813417508846157
J044451-674636,0.2294837321895801,0.0195745787610345,256.01710600152626,0.1148478244512663,2.7457351493483295,0.2704495364248524,33.90984711950923,8.540452910956892,164.84911898568248,0.4146247919771667,0.1175725896826386,0,0.1145885572051384
J044710-675049,0.9126621591825772,0.0441933935341778,261.84652842418564,0.1824660997258268,7.684634691562617,0.4297076648007684,27.8368821452069,3.912600507379228,1291.266243754958,3.788547607978217,0.6017311085440223,0,2.61260764875874
J044746-704843,0.2276421831736864,0.0242651065737018,245.48318442959464,0.2316771955423359,4.4324329080607,0.5455997932420895,26.51880013744513,4.07647252701284,429.5895268191899,0.5192394364750911,0.1162695876953179,0,2.393489295026144
J044809-703144,0.2912858675866346,0.0474127034892397,232.34657847907383,0.199389062225871,2.4980810545536047,0.4695432615959695,8.578827355126641,2.0798827857487603,136.45278221264624,0.1211358678594601,0.0420670002982229,0,-1.1233002880306628
J044902-705155,0.1064823192064601,0.0143431241627623,246.3452732318082,0.2998243628379069,4.539303132106706,0.7060877137406499,13.504888463075886,5.963680886592711,450.554897781412,0.1266708182824479,0.0617111170367534,1,-3.999999999999971
J044902-705155,0.1157262268086554,0.0162635174840062,234.5807518618633,0.2432998886270943,3.5305931637244936,0.5729722398765388,55.81022393375811,6.900398694358393,272.5616161264819,0.4424988247525034,0.1096202574650371,0,0.2294122673202424
J044926-691203,0.8725156536712572,0.0221583434889447,236.85796692066367,0.1442883748380589,11.58658959453298,0.3397991227215328,76.17164570480938,26.70679159023833,2935.489911677172,14.943112888468388,5.271225640426335,0,2.5047865238982183
J044928-692630,0.9112649168443152,0.0307740904253789,242.8386764288575,0.1583699835157228,9.563583283158431,0.3729613106994059,81.99370090620974,15.302609774638244,1999.9108299273,13.866430243287766,2.6849508283171484,0,0.8140466650122846
J044948-694013,0.7572877598720207,0.0350183543256706,243.0539570375328,0.0918583203052371,4.051091474829668,0.2163263446572967,22.59132066772959,8.917687625122651,358.85040717721085,1.3449108410496002,0.5393221352630507,0,-3.168663202793028
J044953-680436,0.941671460960876,0.0487066064137643,253.74649348052108,0.1735002240499227,6.840690192312406,0.4085930275001524,47.550927127568215,13.405063160234272,1023.2203950892164,5.943978184844598,1.740230510880772,0,0.99962586351171
J045113-693133,0.2034922838611491,0.0258779660209834,218.69460892840843,0.7363088143254992,11.630497864826651,1.84897902851038,55.576000615142526,2.589534108232535,2957.7805964439985,2.552421708905618,0.5330396481957405,0,2.8999400840453404
J045113-693133,0.2941835540574192,0.0355991420797331,233.45631174094743,0.3871514069953089,5.942135269341371,0.9531910210733868,27.124191027921626,7.6314383201333,772.0659721123883,0.9201033372492332,0.3181088203188644,1,-3.130025027734945
J045113-693133,0.4736692748972133,0.0262370826310067,247.5466753429457,0.3174287759771078,11.39432027446473,0.8064726007895485,55.22678070550396,2.140452486583583,2838.874467750428,5.784052846218684,0.5661033658994852,2,0.8782622807812857
J045114-693123,0.5794533792899089,0.0501523159397647,249.22416352978092,0.1453253329283748,3.612996391529043,0.3890657577229361,34.43582952218675,7.9312440296159,285.43314280246443,1.398992750553856,0.3757343353796668,1,1.3176568693963304
J045114-693123,0.2155386229386164,0.0244308052644512,244.97938488077216,1.1186235111722174,24.82073389454972,2.556128579657346,132.55072422186785,0.8929255441343363,13470.961060046502,13.760705944047327,2.10934523188067,0,-2.971986698409779
J045114-693152,0.5903623079506661,0.0288969458531184,246.509633457236,0.092459438196862,3.852177362043846,0.2177419776727278,23.782806282039942,7.383633154643219,324.4754871927098,1.0495590606223526,0.3351635390453907,0,1.8610046704827712
J045114-693152,0.1606935235448315,0.0247893385711148,218.55545870263072,0.3959665536961831,5.234561241696794,0.9325012314177707,40.97968959987853,2.9641833229147307,599.1422060409625,0.6689077234693415,0.1648824165098753,1,0.2879184340878282
J045152-692332,0.8724430991768459,0.0337755374935697,231.63091767713928,0.2188436047565292,10.808130496006084,0.3390582465977844,56.62431608846215,3.226762757591772,2554.291764245622,10.361187864962334,0.7843128252773085,1,0.5733064635678886
J045152-692332,0.1765221548043863,0.0152929633252885,219.3322903135724,1.6562133955116771,14.989172535249493,2.7385133332916407,64.78710537669771,3.105809226353682,4912.749963111451,3.3264756025469886,0.6912164122514596,0,3.999999999999971
J045209-665525,1.6436078525658908,0.0218744728179728,273.09816648594654,0.0471128894317451,5.546761925438547,0.1063089840627438,43.27992113765048,15.014002736945848,672.74177277198,7.656725563202543,2.6621542670202363,1,-0.4205462538363349
J045209-665525,0.1266994988208666,0.0172000819122893,263.74419705971667,0.7825757598331461,8.78729667710207,1.982057178701324,158.48424281788076,18.43626811403029,1688.4178015035511,3.424011090400275,0.9854434046690778,0,3.987198266888356
J045220-682306,0.6297686769928758,0.0225255571642408,244.10116075464143,0.0523567274976617,2.9831112649044704,0.1268280605922329,9.09764038235209,3.900376173416327,194.5845023358796,0.3316638678557426,0.1433811862993064,2,-3.988338096760885
J045220-682306,1.610024070069788,0.0260938417142757,261.77512162421567,0.0214039827049223,3.088793467236405,0.0627396766112432,25.54445762658352,12.500294395140877,208.615745390176,2.4651128865007648,1.2080134186964802,0,1.1536217798989128
J045220-682306,0.1577228139761436,0.0179268256307084,259.8418622632148,0.5526362741951064,15.463932817811818,1.4624093468253838,143.00191242033358,62.423894598123034,5228.886949025573,6.768231482116977,3.1193734666117896,1,-3.999999999999971
J045332-704027,0.8071401277447058,0.0486794575432759,257.3214001156846,0.0933451255820669,3.156331244083139,0.2198269974159827,15.739838029735171,4.909037946798521,217.8384270846608,0.7781273128588634,0.2530532766647322,0,-2.319234358140875
J045344-693729,0.417570794384935,0.0462239129085659,248.83880621815243,0.33122890320385,6.1021092945571125,0.7800440687822282,42.20564031061468,3.877304342611372,814.1966436689223,2.086889617058813,0.4015942305123697,0,0.7677940879057701
J045354-692131,1.4849012422199,0.055436367891539,236.54746767076324,0.1050042508298677,5.735853230901612,0.2472850113658301,35.982592322615595,13.580230062380764,719.3916686553947,5.947123209887098,2.269988958455643,0,-3.3381002587733803
J045403-691154,0.374861224598885,0.1405410906265048,240.51351601591355,2.650817464885146,9.075491503280102,2.716501055482172,47.62517051884003,23.52965721134596,1800.9831634069064,3.144098221332505,2.1651773117671493,0,3.999999999999971
J045403-691154,0.6054230157671405,0.2917860343130623,245.03592805718424,0.3012497272944098,5.6307220245435134,0.949035168628558,37.18035447584036,13.616516432261806,693.2621972995772,2.4595487101830096,1.545423831298561,1,3.999999999999403
J045421-680056,0.3915824910880305,0.0233684147668831,260.133990985728,0.2308555064429291,7.8890116291395165,0.5436647176882454,23.98773430719775,9.75355417462983,1360.863407062418,1.4379837492942111,0.59920649827425,0,-3.980464077903946
J045425-691102,0.9022157821896644,0.033625707795541,238.9412334575125,0.1269775888588895,6.9479135568214,0.2990322222805897,36.04452943223435,14.935781865120845,1055.5484120731066,4.3845302781963085,1.8338864838507951,0,3.999999999999971
J045541-690629,0.7806672452908044,0.0741857850599005,238.49187921813632,0.0970947389367125,2.754892148513484,0.2965971523155519,24.642719788962392,10.097985378085356,165.95049277821516,1.0284379288006804,0.4465550769844672,0,0.2532987732668061
J045541-690629,0.6655059731657631,0.0614888941070952,240.51123622109844,0.2876825327979683,8.320869427473895,0.4603324157781488,42.11755748382412,10.178961750763415,1513.933356323639,4.525876815422769,1.1974851508776996,1,-1.7485903239402203
J045545-694830,0.1079091989108078,0.0106918280629149,262.25240310113327,0.2702072114415372,5.561497975789997,0.6363379834265923,62.17855500420482,3.2650286886063125,676.3210593593053,0.7241187017803359,0.1160040005268592,0,0.0872682321961519
J045551-690210,0.1869627755511258,0.0341794676203873,244.8395763033564,0.2599588567826761,2.8995649221429978,0.6143089356634522,30.586506786948828,8.496403959620084,183.83788634703208,0.3217634805618369,0.1268675332264769,2,0.0002425557240997
J045551-690210,0.3824901066865104,0.0332811561504815,251.5409591342447,0.14629779278627,3.1919256608606137,0.3749815915256631,28.232201545277988,9.651706285385924,222.77932315525257,0.6688621298118297,0.2486910712532798,1,2.1608269690280792
J045551-690210,0.7037335549164362,0.0360800993057945,256.09547510509947,0.0731136406566594,2.6400991645145075,0.1806149047675889,20.568195564614424,7.7372672878522675,152.4087226041494,0.7415553611092737,0.2860680584845924,0,3.5845410464601173
J045603-693332,0.9673213111767672,0.0967760145820402,247.45027275790903,0.2477910796946432,5.050996149062209,0.5835479925871023,21.93053992657407,2.9008512861249365,557.8576828313971,2.079294498402555,0.4202595914105848,0,0.9477884116852522
J045608-701434,0.7712011112439839,0.0530404899363817,232.42405653680515,0.2032277730307952,7.573811478326294,0.3400590285670722,27.40545845128857,2.1083837586506187,1254.2910556815602,3.1062620880086076,0.3495687554823543,0,1.0173113682268706
J045608-701434,3.71176922460396,0.0679364199297361,234.27239336859145,0.0166530680963534,2.3010699070694085,0.049446069292647,19.612837075329736,3.5990885032882503,115.77878013474157,3.2506490718418486,0.6035310580311689,1,-0.3255978831484469
J045618-684948,0.6806706271562613,0.0808317844777431,253.7539322677231,0.3878717707278964,6.8214059146461095,0.6458872444706226,36.12256609572145,4.4838951679558186,1017.4594988126988,3.254680672599525,0.6384031206187899,0,-1.2317090748685755
J045618-684948,0.2924551062117315,0.0368749303172751,263.6860420197727,1.99051663620453,11.236501898407598,3.30584303692953,117.984671284085,4.510949688468678,2760.7787454458557,7.523757893617718,2.425214404187109,2,-1.6022018974526304
J045618-684948,1.388583608263842,0.0898763360443881,260.02672303769447,0.0504645000782143,2.301077220898336,0.16253281452036,26.047749801802823,10.486593637032824,115.7795161293626,1.6150736299742383,0.6683698753456341,1,-2.2318260435571915
J045730-731750,0.263512482472086,0.0411998978805941,207.5090085934191,0.2214441962165732,2.8884732092120373,0.5215311596802755,3.2676951028966497,0.8638525588738095,182.43410538502,0.0482647377261751,0.0171952192176581,0,3.999999996605368
J045746-691937,1.8659922502094564,0.0419266846918791,240.37832445921177,0.0397467462162009,3.607524148258421,0.0936035902222556,20.495671081931924,8.085948589923493,284.5691636815323,2.677318953744748,1.0602449224505894,0,-0.8855831504659193
J045837-671243,0.5927069110443044,0.0406875970574777,272.55586482887736,0.1434565688353021,4.261737863035509,0.3378402187742443,22.59552924857989,7.293824799966647,397.1392486028973,1.1075622106635763,0.3759111591922533,0,1.7320307641113573
J045954-710737,1.0995024435452148,0.0555667159956367,239.54223594405343,0.0664304389621177,2.6812226893689526,0.1565220882227639,11.043865874405936,1.8942489373662352,157.1936924349731,0.6317846870735441,0.1188372238606606,0,-1.9502557057699328
J050050-680345,0.7932027835328392,0.072331016035385,237.9510934966365,0.2004624788701701,4.335754862341694,0.4836228754026162,18.78472238860501,10.048415992227651,411.053909768705,1.253639356126754,0.6944980349595429,0,1.3043110947035643
J050050-680345,1.2218512049640406,0.0589392685718972,247.51016071335735,0.1598716435638693,6.680643776749598,0.3968812954086705,32.487949132947,5.750232950958607,975.901473809684,5.1460952469885735,0.9923179816260268,1,1.1424515223363585
J050200-693158,0.2032822886110906,0.0050247770357337,243.4895895732469,0.065515160577002,5.405214121390526,0.1542882041161553,44.60420433905056,4.796979889883798,638.8444838382078,0.951058273660956,0.1084025869672789,0,-0.7134499587297398
J050214-655037,0.8189859515665501,0.0611369412450057,279.815486774015,0.122048784384975,3.3342216400428097,0.2874248563775302,28.641092626743816,12.068163228822367,243.08506423983428,1.5176771203113713,0.6624890698005346,0,1.3734041455068675
J050214-655037,0.3337908181847477,0.0500765146308398,267.26077308285494,0.3655991845530917,4.969742843678986,0.8609865907759588,21.168464638706624,9.432770590907191,540.053988423639,0.6814226258625072,0.3414466363174595,1,3.1212160447867063
J050227-655711,0.8190090330887072,0.0419947899312632,271.9194209417451,0.0950602655103742,3.4389945405530957,0.2371814146279917,18.01277058916732,10.04208902832224,258.6022603166941,0.984508756244306,0.5553444402085427,0,1.9133698975540483
J050227-655711,0.7519074795253877,0.0403478136876828,277.54026156707766,0.1078904974159062,3.776020863310783,0.2737062297552012,25.97695552145068,15.636892952396552,311.7727216264216,1.4312184562165449,0.8711402216612368,1,0.7057852998834733
J050258-675802,0.1428680087667186,0.0117991100232755,246.9767065474371,0.2843005660532947,7.020237570413794,0.6695278270726501,35.743692871825864,5.864052418545487,1077.6381614280497,0.6956729355513813,0.1439725412135003,0,3.999999999999971
J050411-670107,1.3522727272302,0.0818488108649147,271.1214993157866,0.1038739327762471,3.499829246648742,0.2446231367911122,36.335422722873055,12.5454397922934,267.8323647880904,3.337031064260084,1.1927624528416825,0,-0.0941176526599179
J050413-700456,0.5451050208889336,0.0623842322890212,230.1993087779637,0.4204804198834067,9.668082945545011,0.7836155849619235,24.42622229205064,5.648563222478432,2043.854987591824,2.4980190281230583,0.6755858528713287,1,-0.6476234205848073
J050413-700456,3.3021536978827264,0.0820877735662145,228.00674363440768,0.0271054068445299,2.658504924771289,0.0804042442570521,18.831177701076708,5.192655457433954,154.54120068043588,3.2079760806300186,0.8934623482912188,2,0.5015473561036288
J050413-700456,0.2259959248636167,0.0345435906298944,247.50561278101532,0.6419879465236189,8.493669258514466,1.5508599621095167,27.998893377392186,2.804699851046734,1577.4661004653542,1.0429313145175887,0.2694150548575249,0,0.7363560529079791
J050438-705441,0.7951687868850841,0.0676292223424353,230.1973756426227,0.3469954822260778,8.320263843589728,0.8171743612315605,43.07988568690288,5.0068347171425085,1513.712999475612,5.530824168082942,0.96410700896648,0,2.3734230933966955
J050501-664516,0.2887395575125589,0.015037802697257,268.2424517944366,0.0927476165616933,4.544975981403953,0.2898907839360349,27.27999391961772,7.09073495255663,451.68173467986793,0.6947059769429231,0.1894149925004572,1,-2.3297894644244934
J050501-664516,0.1101841077501242,0.0071170567575611,276.64760758157,1.0463658722125908,18.244621051659397,1.4516516953475789,208.588238844618,2.1927078599319376,7278.452270569669,8.136966179482446,0.8382444213580386,0,-3.999999999999943
J050501-664516,0.3684809353303194,0.0145976537005163,283.4711495958258,0.0661476260147341,3.802567821699229,0.1889864029248884,35.38978740015886,12.650546775963244,316.17190889651766,0.9622520224692525,0.3493637900229702,2,1.6413587755721435
J050527-705358,2.1153330248581814,0.1334239812241715,237.7218338054761,0.0709127852228006,2.3022446042315865,0.1684291286608423,16.10414738581502,6.463276128953341,115.8970205405224,1.521902523671959,0.6282443457621708,0,-3.999999999999971
J050529-665556,1.5367038245957902,0.0685892384817358,281.3734550459349,0.1433912548415185,4.263089966977398,0.2048492071034137,26.809172260084488,10.721841044712006,397.3912860310368,3.4081363588994487,1.3812259563680696,1,-2.1880761914838445
J050529-665556,1.2253707787675947,0.0509024741846125,277.0098700855222,0.2048137869695166,4.7443953699747805,0.3089519615185111,28.34181729150812,9.281984419260375,492.1880788708692,3.197385300886471,1.0758745422040397,0,-1.3979482173440942
J050531-655517,1.8002846216552792,0.0292217206389828,282.33359953368813,0.0248076946189554,3.116812187920152,0.0584222820345439,24.50932991570125,10.381108265390962,212.4176552841085,2.6687145908203225,1.1322888992857352,0,-0.1563915932308646
J050536-700512,0.241090065684666,0.0219800271891549,233.5018424237281,0.2892702942407417,6.4705809379815875,0.6812315459277234,58.070733993245184,5.456501213935425,915.4948208809088,1.7579187234313416,0.295327051329933,0,0.0471922676345855
J050709-690101,0.5435379312456283,0.0786119603852193,240.22131145528408,0.3077404063285533,4.117777639605098,0.7380931057059781,10.191010086864368,5.741241017522618,370.76192274274086,0.4426177912354348,0.2693866977450163,0,2.1998412829623817
J050709-690101,0.9100995372959112,0.0497235484757606,251.4756586741513,0.2961763439670909,10.631974200786772,0.7643032489369681,38.0355947078592,4.082049908273222,2471.7080496318717,7.141869427460112,1.0016449882247955,1,-2.588007090405739
J050710-714405,0.173555368336182,0.0223049873225984,220.42302470391388,0.5671050171165266,8.998868520504885,1.3355323157630463,38.0362618331691,9.490228357253756,1770.7006912423324,1.1527700207918528,0.3659786077903528,0,3.9999999999985216
J050831-670620,0.4939560277657409,0.0384413407455532,288.290988311396,0.1226187841404206,3.6884932657450378,0.3465841110257435,17.790588251102246,9.223101338870912,297.4865489072489,0.6289939669829979,0.3349944646106207,0,-1.7660357787867724
J050831-670620,0.1961585905540121,0.0180269540846871,279.77437019434024,0.7575331418237421,11.62537890749216,1.8878139443716515,80.07204464916848,8.530449652415001,2955.17754008527,3.543351648941484,0.7612916763735974,1,3.999999999999943
J050858-684336,0.1290940788701299,0.0409049366520996,263.9221537347767,1.0445289277312593,4.86049018293788,1.9325761911538568,96.37971903981794,10.09156609719738,516.5703611199107,1.1735211911494348,0.6091395660110563,1,3.999999999999716
J050858-684336,0.3194838858783482,0.0649595402397797,277.8337442316388,0.210523555534929,4.511447963760667,0.7293567710613514,59.530671347305386,14.316859442166296,445.0422562480634,1.6650396424558729,0.5894153440147044,0,-1.8357898748797647
J050858-684336,0.4565504021763197,0.0672869370308089,268.93984197849164,0.2392413047169282,4.133733962925741,0.8977808145710178,61.5803747410765,6.745711010015744,373.6408831095898,2.2552384499651725,0.6413867895032496,4,-3.9999999999586175
J050858-684336,0.6136524176375846,0.0817838935094614,272.88602977904634,0.1499024361987756,3.1303071089981223,0.3376196940467148,35.36270155702464,9.113325497690168,214.2610548982216,1.318176970786435,0.4080122932233528,3,-1.5210387399981191
J050858-684336,0.1088988886718626,0.0318968313619047,281.47889628213846,5.777126463259835,19.028098117725133,7.176675608511761,190.4353404401404,9.876999607093753,7916.990214102021,7.657469288668826,3.678070901650699,2,1.7949371955893412
J050953-685302,2.635675071222212,0.0458848028825659,237.6670983946827,0.0640551964968355,3.923430893216002,0.1117901942700591,33.08175783873506,9.375924170851864,336.59011588802286,6.6384294129647055,1.894453010535552,0,0.737099259357592
J050953-685302,0.2698880254811892,0.0192854000354302,270.59685042721856,0.1881504934390408,5.371894350537204,0.4453534998028319,49.281820716070975,7.3782902173732285,630.9926047389511,1.3864899002682376,0.2571299735401345,4,1.2374812668992377
J050953-685302,0.0940490010498867,0.0252964531900455,279.7673526088021,0.4115864355880681,3.1165459424364914,0.972119891804644,76.57087082953653,20.39637367704959,212.38136639506536,0.4355220962136664,0.213619166658246,2,-3.0306080572881333
J050953-685302,0.1801128509175188,0.026770473414338,237.57875961919,0.6595969549762754,19.06310754249705,1.8391982117211167,85.40755174125069,13.287305243800311,7946.149644620092,5.6905410198682045,1.3418328059502196,3,-3.999999999999971
J050953-685302,0.9225607968553672,0.0530932141495429,241.4327674341534,0.1674256577255828,3.572106327571145,0.2621419797059538,42.00965900469474,15.019269930020323,279.0089270959504,2.6865035386196503,0.99261413178732,1,3.6450303276545526
J051129-680618,0.2261418620305134,0.0267515051828825,298.1293018507487,0.2461691601536937,4.24379827368302,0.5797283736968813,16.626416523212047,5.413813908568307,393.80280694217583,0.3096372765467439,0.1153070972356502,0,2.8703609355875983
J051129-680618,0.1534231238141063,0.0308850581678786,249.1433673927367,0.3142853407983611,3.1838720307854778,0.7401450499193503,22.86639943764673,5.0166644927260196,221.65654087666888,0.2167519921097853,0.0818763162873031,2,0.8212801540453539
J051129-680618,0.162652672859184,0.028017810661459,212.2766380860085,0.32678900109532,3.868857971273029,0.7695880978414359,55.36724934600022,5.794511832998228,327.29164373317053,0.6761076135404661,0.1914559611439812,1,-1.2130772033063124
J051222-673220,0.919887364689674,0.0535309662211373,294.57389462635507,0.0901148490486832,3.398025683200164,0.2488859708014404,27.54989407094656,10.925377458507302,252.47748643628051,1.6710911186398938,0.6808864230122884,0,1.4690608781330068
J051222-673220,0.4519823703021256,0.0294244964291342,290.08586762963847,0.5124511657663471,16.97375184972718,0.9626157630787016,43.00607760242204,36.4254752398378,6299.77503508585,6.402477565886223,5.450898132521865,1,-1.0944049471675044
J051317-692224,2.8919571712381584,0.0517627608606522,236.66266093843947,0.1148085795805269,9.907235167153145,0.1962635185630936,42.329619961892206,5.672717956384809,2146.220247099997,23.534641402738703,3.2159229042641195,1,0.7136588621225428
J051317-692224,2.525772794031768,0.1091184150939214,240.6070925256683,0.0426834469591261,2.3011135975463084,0.1231660271903286,17.708301121541172,17.703683525050387,115.78317676617444,1.997230203783586,2.001429359743399,0,1.8762245176955616
J051321-692240,2.404706110081745,0.0845061095858867,236.1690386462521,0.1370110303917297,4.505780182353841,0.3067340954712937,31.95638020720849,7.405532949278338,443.92473576031057,6.719059301967309,1.6399380383565367,2,-3.1212515485754864
J051321-692240,3.70358303632801,0.1838492796275812,239.9919041333072,0.0529662839628154,2.4635411902397,0.1359710735656361,30.904500893529768,8.56741727938856,132.70552359590295,5.4717032438803335,1.570314699683355,0,-2.9056253888230685
J051321-692240,0.5823502912726739,0.0561913151200819,245.26517167396,0.7307831944347065,8.46199229057116,1.689129135378452,57.38297366996849,6.7436083962090025,1565.7217855526444,5.4873019619878365,1.3768726474530486,1,-3.999999999999971
J051340-670640,1.457524344507286,0.0690224313438666,294.4651572338978,0.0725938279680163,3.125751489197784,0.171169912553013,26.260256605856306,14.144857948505036,213.63786899100984,2.3216038579229963,1.261755564442663,1,-3.891933970743138
J051340-670640,0.3248663902872156,0.0604856278704051,263.5243173408602,0.3713899439897886,4.067907576994994,0.8746233186320357,34.92454727416073,4.260458950732874,361.8357703540458,0.8956236069141319,0.2771623380715196,2,-1.4894344167144595
J051340-670640,2.2198759172444364,0.0584940112843797,285.8809309973225,0.0562428216368841,4.353641126293982,0.1326637852606621,31.991559561812657,15.576462873423262,414.4523416427044,5.999784143486849,2.9312332778113626,0,0.9649774766941164
J051418-673528,0.1872955639135584,0.0179062998700265,305.21569395988536,0.2478629373468017,5.280455743358235,0.5889132251044125,15.061080599966926,20.343482867611648,609.6943323435157,0.2890506285525202,0.3927317821204093,0,-3.120414070935567
J051418-673528,0.4457888085962426,0.016946739820616,293.7999813327295,0.1100348342128633,5.9005911563460645,0.2617055720615392,41.16000947136224,16.27452223878628,761.3079970924437,2.1009660694338783,0.8397305537883809,1,-3.999999999999943
J051537-672127,0.8750523382049575,0.0087191253619122,280.70983956435475,0.0103083888989983,2.534479306048127,0.0219429278276275,32.52628000275229,7.533675191323539,140.458117324023,1.3998324686467356,0.3247526057008894,0,-0.1493587920129471
J051537-672127,0.1070344157397582,0.0102120093928883,292.6273335905545,0.1212370207716308,2.8552958589958437,0.2268335260365177,82.00909677414325,19.85250856405814,178.26725399749242,0.4863573394830982,0.132316265208216,1,-1.7026609549108684
J051537-672127,0.2023051242927583,0.0152396573229703,283.7742058367299,0.1140751574308477,9.512633299897873,0.3645199304406341,140.48107693149143,18.97824855005368,1978.658544795193,5.246194091115874,0.8359964534787271,3,3.999999999806106
J051537-672127,0.119323997178026,0.0050103758699261,296.0834150646586,0.139387516085619,4.049218274277482,0.450384813186253,82.699203215091,12.295907582780382,358.5186233235521,0.7753882109978221,0.1476076164118267,2,-1.529337895392473
J051537-672127,0.0400208001617194,0.0023669637376433,301.53598109343767,0.4560590877079738,5.928976142370424,0.8335667999297572,211.24214941289745,19.05204000510661,768.6502085445774,0.9726686877803548,0.1723446032484581,5,-2.9674750611487184
J051537-672127,0.1726567129464458,0.0144163889760944,283.88092703373286,0.0573999585131999,3.0923999261980315,0.1882387063859331,42.906342531910745,26.05326637806653,209.1031870794153,0.4445488646174076,0.2738159628978178,4,3.803280165451895
J051537-672127,0.2061167551035804,0.002451254311303,269.46693071775866,0.0222353070479895,3.7560992877572272,0.0528116119558047,38.47749079088615,6.1759318824598886,308.491691139616,0.578064088937491,0.0933923327052431,6,-2.8039280499585857
J051641-714905,0.1546886563461474,0.007503995832205,226.40296947868708,0.592285387107441,10.352886035877429,0.8912998107549868,154.93127968136469,4.643782522751369,2343.647062578619,4.814796050355012,0.4971688430407694,1,-0.8759824513830949
J051641-714905,0.1429979775365426,0.0107306667161816,236.93433942004447,0.0898443319653516,2.48368880500572,0.2380875756991589,19.130008489890315,5.5287808512571655,134.88501461170142,0.1318442289770395,0.0413466164745893,2,-1.871033121778624
J051641-714905,0.4817894181695671,0.0220641506456686,230.83976860467544,0.0318177478277052,3.4520324206356534,0.1470121934785629,28.8976930366111,10.584202360309162,260.56679759899424,0.932640312656834,0.3465363746431238,0,-2.8144071760640372
J051716-702357,0.1545698563816521,0.0327446795412159,225.77003907892768,0.2975715094178327,2.6870610493494635,0.6793791008280385,25.633684618626923,13.856219873019636,157.87901601537018,0.2066009246288278,0.1308265621044344,0,3.4480535485577377
J051716-702357,0.1028751924228696,0.0242674361336044,240.805310438292,0.3172096896474845,2.7421328069696704,0.7470625757923757,20.43742050298201,20.72152077988245,164.4168461109441,0.1118778503359561,0.1203844995072553,1,-1.2638150212071937
J051716-702357,0.4945284486982858,0.0181305623789423,230.30437674596783,0.1610613730210482,5.296923880877571,0.3819414036482011,23.61791691908873,3.0899788353239117,613.5031652474698,1.2005368357076038,0.1846629057939496,2,3.999999999999971
J051819-661717,0.4870693232160534,0.0489870066835348,294.03357317048017,0.1273068986926332,2.569047434993833,0.3035795413697507,17.942552104657523,7.7576641392248895,144.31570327854934,0.4356783747490758,0.2001339500414696,1,-3.999999999999943
J051819-661717,1.419994331044114,0.0436373463923328,288.33525388310164,0.0490312404842793,3.250643977537403,0.1174885562666083,22.70894269824264,7.456685292344723,231.0511619513984,2.0340977467561685,0.6748488972710911,0,-1.2983391059605085
J051832-693521,0.7279316545923522,0.0070336001469788,217.8743124062464,0.0158476015204118,3.415412115864799,0.0395746688700364,15.811012653345053,2.787450019660977,255.06776291687316,0.7628028261773552,0.1349721136936216,0,-3.999999999999971
J051832-693521,0.0288595348492255,0.0026968789236057,242.2630254232635,1.4046828924903696,31.44217355129797,3.273566195135745,653.6249875844427,39.02779939120625,21616.9523306563,11.509313535206037,1.7506233537945224,1,-2.8906808866723845
J051832-693521,0.0560765642400388,0.0074425297923445,249.3323126981704,0.1975293757014268,3.124353553218823,0.5044160371358326,148.93166146819837,21.741930049610268,213.4468203544254,0.5063461258868244,0.129081245381278,2,-3.999999999999971
J052000-711502,4.238540430567643,0.1998199107949072,226.0170741433621,0.0582792968027138,2.5194973448664983,0.1370634440149269,25.632374617196003,11.084784446945786,138.80245699667958,5.311754126587425,2.328686017952833,0,0.06584927729088
J052000-711502,0.7914931954655865,0.1496631832387642,269.452614956889,0.4168405629879861,4.495629658885797,0.9816595295068268,8.635336279650355,0.2080857274190875,441.9268607287794,0.596260246134332,0.172821657767861,1,-0.2372076937003271
J052007-680223,0.3512759474033883,0.0209524992402059,274.37226849893557,0.3286952269200346,11.238735988104192,0.7742942625404177,108.66371374661529,8.919036595119929,2761.8766744210016,8.324713840992425,1.0209427019349209,1,1.5218327985518272
J052007-680223,0.1714701835615984,0.0320082018938623,294.77901704007195,0.4407843071225679,4.815174372310981,1.0381912124029988,19.481958255998077,9.839302354899214,506.9829820191382,0.3121419414293391,0.1810416665341744,0,-2.472421159153328
J052009-665023,3.6099186722967382,0.1815146464175861,294.2091059123644,0.0954218572685564,3.8700979348008246,0.2247184749922862,30.26082380391873,13.80265817295825,327.5014703735482,8.203874479489636,3.794658396333776,0,-1.812449445365644
J052105-695939,0.2978868267140774,0.0185997877948023,262.1768379716343,0.1018867140309937,3.3276256234093773,0.2399720390731399,11.1258066854325,4.433394132296071,242.1242360037517,0.2140110287418279,0.0876880005679514,0,-3.999999996843826
J052105-695939,0.9209124561251636,0.0293722197506381,242.14019419943625,0.1098936744429158,5.221186922657962,0.1829667169409292,37.776754434396494,17.370071367353173,596.0844971432607,3.5247727230254826,1.629302796655648,1,-0.9163853585583012
J052105-695939,0.1464982070427945,0.0157727191830951,248.41315185043925,0.933212353233716,6.9710623850036395,1.6990727482021986,39.47787068775189,14.733732761781807,1062.593811819546,0.7823550425370225,0.3587569130331796,2,3.9999999999200218
J052127-670722,0.2496450877006837,0.0238071935749279,295.85488461295176,0.5043265497574935,10.784872077390098,1.1876890253313364,67.38336778784333,12.196898362241994,2543.31024155747,3.5205427563320915,0.8179776328458935,1,-2.5624505747495623
J052127-670722,0.7347995635156448,0.0295427207083829,264.5467925385245,0.1380777439985717,7.003746680399622,0.3251730876206874,40.24910306820369,1.477631776983642,1072.5812557371223,4.019522029174547,0.2875997610437594,0,-0.3218770322522459
J052218-672737,0.5512497887350601,0.0591587624744917,285.5898406693434,0.1295376298439665,2.4647669725028507,0.3059154532814878,19.632858205372163,8.5960936467388,132.8376168176478,0.5176386775466219,0.2420341980543692,0,3.020342573952292
J052229-703757,0.2730767676184088,0.0134715427468342,234.8134351257876,0.1103479888323627,4.5616313848600125,0.2598695141311746,53.84140519733076,4.433534235714845,454.9982431700378,1.301488139040887,0.1452731113206876,0,-3.8979384472793583
J052258-684428,0.7377909328633443,0.0557006094466694,245.83364351215425,0.3147844731647479,8.503055531538743,0.7413174361080941,17.145755649784284,2.545173492012144,1580.95451244159,2.087295064800585,0.3923602223016226,0,3.6181699206457263
J052319-675535,3.290228138515108,0.1929201900178802,279.7315578206432,0.1230591553429161,4.280067369513824,0.2898043108277322,32.779556800956875,15.923201325578608,400.56274425055807,8.95774265749575,4.424714787983006,0,1.200022846463753
J052340-705019,0.2305412426841808,0.0089015222075124,222.1682178529913,0.0564579454683135,2.9818917171813304,0.132954152673607,46.51245426720466,8.091286258506695,194.4254358053404,0.6204812204128867,0.1139736073769099,0,3.275758378443072
J052341-705122,0.0711592351668676,0.0061930772820766,227.84270497361075,0.244188582628074,5.721876400500479,0.5750641114804677,152.3634099580076,7.18123002241633,715.889987418586,1.2038415113107384,0.1698020016361786,0,-2.2429188351759417
J052350-704214,0.2989910492574226,0.0265851943913952,230.6210162763103,0.7540588829186541,11.270353782086652,1.3116368637265534,107.46232263402972,11.87808446039978,2777.438439048651,7.0270144454140855,1.2893308501042546,0,0.0477902644994685
J052350-704214,0.506531075103733,0.0602262244869472,235.72040543901576,0.1359131427235217,2.8821540475433283,0.4211202059875865,14.837751222128476,9.98989738030524,181.63675018114347,0.4203492296905644,0.2938788240197514,1,-3.999999999999971
J052415-715800,1.0326815915327807,0.031596091509151,219.31187639131656,0.1278043595076586,8.518577630468267,0.3009792666274669,32.49183194236686,5.9385314847739625,1586.7317605295095,5.546596921926184,1.0463704332777952,0,0.6072949301891981
J052456-693855,0.1143212578075682,0.0088889276999098,268.73846663760713,0.1934393952794678,5.056956176810887,0.4600994773645597,166.76647852895985,9.759203975566049,559.1749710583462,1.870870941334428,0.2492335350923684,0,3.979192721248694
J052456-693855,0.0418207116478864,0.0064783895175115,244.93253004880157,0.9266639710075596,10.105429615390166,2.3920224278841897,100.3371743820725,38.17594334512578,2232.949528821948,0.8228618997609293,0.3901273027142572,1,-3.999999999999971
J052456-693855,0.0471935666464797,0.0077387380530589,256.7145411120103,0.6794855910753974,6.804802436329224,1.6201684640806369,558.8959405665247,42.14787461919613,1012.512481293926,3.4829574070086697,1.040554613164649,2,-2.030328428409632
J052502-693902,0.3477098469477606,0.0646475295766136,266.7489056145461,0.0770016442022638,6.314438302128249,0.4087436121256986,47.48929648286285,11.153407129345815,871.8440180068886,2.023328211539419,0.6200671175937775,0,-0.9830176166332194
J052502-693902,0.749446102064271,0.0624345999328156,266.6518617422534,0.024677871286475,3.101963301182536,0.1332911613817945,47.11486790389772,7.582107056841713,210.39850745429928,2.1254648418379154,0.3958398434854415,1,0.1106711932081907
J052505-664051,0.6135001726871305,0.0644707157616087,279.22368988504616,0.2429826522632133,4.715370377018585,0.5722241460784062,23.580007818129783,9.187080242423484,486.1843392500264,1.3237114698890495,0.557793046344797,0,-3.999999999999943
J052510-693811,0.1907586579892135,0.0198432734957496,271.72160856207887,0.3459997497315572,6.783215693549463,0.8148361698407538,80.55446344303395,6.138345666896247,1006.0987231652872,2.0226855964496124,0.3564479602653475,0,-0.7123861065553572
J052510-693811,0.1213229279785234,0.0191079395891325,252.1029644796953,0.5649585935527284,7.315342407199745,1.3304888952391458,55.86623210782653,11.650143905509202,1170.142252333016,0.9621567041234724,0.3063326215447121,1,3.999999999999943
J052537-661941,0.8928385319242886,0.1011928145605758,299.42590785640346,0.2302463157155072,4.630159738911726,0.6315104206851406,44.656017281241006,12.850791622203676,468.7715997586101,3.5823480089456634,1.2109098146373432,0,-3.999999999999943
J052537-661941,1.2741291145705829,0.0493754601878116,289.12308202444143,0.3715079844739261,13.582344999793172,0.9318726997936526,88.13642063499614,6.701608568514161,4033.841772432029,29.598008703374237,3.240924360883248,1,-0.6419827341173345
J052554-662751,1.094008596988231,0.0461949917928512,281.94071220535733,0.1459186225494232,6.226173510392751,0.3821799425881657,50.79867537159666,9.305381604269977,847.6406630914371,6.714493056646044,1.3278026825559972,1,-1.5924271787191628
J052554-662751,0.3166892867771651,0.0426368147956633,298.6863628133093,0.4531250143263149,6.8680575071522965,1.0834602760315846,27.59073511574716,7.402757065049468,1031.4238976086342,1.1645267090739717,0.3949041425584653,0,-1.842909634326816
J052554-662751,0.8323039481494569,0.0632271638206747,288.59327917709203,0.1377585658026265,3.2189018008938164,0.328068251155072,28.487490677826308,11.870813314417994,226.5608156238351,1.481026283120186,0.6452210778511089,2,-1.598666847813604
J052558-660442,0.6680007488717171,0.0189206242950675,291.8319833607762,0.1146882947696114,4.736412273267204,0.2681098111939293,85.72037089007362,13.818752455480384,490.5331243280407,5.262951595512921,0.9114761869364766,3,-0.5136582926220399
J052558-660442,0.2607666288649389,0.0157293095033322,305.7213945822808,0.2525137951305996,5.305169294899867,0.5688888455661054,86.14470437682589,31.214752643077144,615.4146613988922,2.312590472157551,0.8849548265359498,0,-3.999999999999943
J052558-660442,0.4271820301668877,0.0157650178990848,298.2744257508268,0.1799451059347601,5.711848774955873,0.6555029042435825,142.72611182474236,23.744698094398032,713.3829824138803,6.757903687500753,1.388378716858628,2,-2.0285080044110937
J052558-660442,0.1310456025436632,0.0184760150812927,272.79717522078147,0.3200825596093497,4.0703042658555315,0.7561844965172868,51.85078884614399,9.842006877318656,362.26226147268824,0.5366900976378246,0.1613792045061114,4,0.4563209941590003
J052558-660442,0.3009987653873214,0.013351934520941,281.6106978376938,0.2069728332339228,8.655021506530629,0.6910401108925471,144.7506559643775,20.275240739127423,1637.9688808918502,7.317661115556723,1.2236305745214384,1,3.999999999999943
J052559-660518,0.4138723341546439,0.0245269385931007,296.4972905872298,0.2149396489021624,11.282155906542124,0.3744761764403445,162.24236667068962,11.9556305474924,2783.2584581749793,14.70082315571612,1.473293605918869,0,-1.7542189922492069
J052559-660518,0.328597345625311,0.0262710384734837,299.0025907007672,0.1012651528875688,4.197725097429977,0.3268804907575365,52.81264756340355,12.558748912221118,385.29851179591566,1.4136271307990085,0.3713368513266741,1,2.9287170264420865
J052559-660518,0.1692827094091514,0.0088166536579849,280.3587033092182,0.2333978392475975,8.228797627950831,0.5761536614351186,204.9285634856365,10.888949658543112,1480.6148720450851,5.539497440419562,0.5659387469694521,2,3.999999999999943
J052604-660502,0.1148172380692082,0.0195355508332967,291.1084640611755,0.7173999158114263,6.817555747583464,1.2611735721615849,160.05173744403083,95.0821762164142,1016.3112652772144,2.4311685762586106,1.5682185543464078,2,2.2128588554285784
J052604-660502,0.1550679547219988,0.0401983714238991,305.6950539422345,0.214997867297771,3.799287966847976,0.8308439038822982,38.34000918405807,20.02541845300832,315.6267242774135,0.4383241210383038,0.2729689729405738,0,3.4493124887979434
J052604-660502,0.362960481453026,0.0112959985336327,300.33377515318057,0.4248656080515872,9.769454775410946,1.1230916845089585,137.1768950180164,13.522269864538757,2086.940164348015,9.439076908643491,1.4592260285136032,1,-2.7950263747305826
J052624-681505,0.8117582258858559,0.0708219579638721,254.92765578693027,0.1770242831621744,4.137899685957089,0.4168921852853535,33.77483599909471,9.959526605621198,374.3943271922834,2.201500519030774,0.7123986704053724,0,-3.413066595251081
J052626-655623,0.317894284455934,0.0373763891801991,298.1984893566048,0.6423250844347045,16.872145058759994,1.0909886637587891,157.93796689567068,10.373158732558524,6224.578452074034,16.438358608132056,2.4557663486827623,1,-1.968962881736332
J052626-655623,1.2681552914503396,0.0398506071650608,302.7146599333154,0.0575697077116254,4.177563784085299,0.1706131439562896,40.946540174927094,13.412830965220564,381.6062884934303,4.209510782125268,1.3958627372667318,2,0.1415108873628128
J052626-655623,1.7447608332523352,0.0399769381634445,293.2208534805833,0.0368280281362726,3.510653791163975,0.1058232493600181,33.410089619848115,16.145243637693607,269.49167244555827,3.9711878784230934,1.9249358535439087,0,1.7263672319962209
J052627-655607,0.4496045397063211,0.023534837267507,286.76441102411474,0.1165498930377643,3.763166507269807,0.2761190624261379,21.37135075463232,9.171574362557942,309.65365698198656,0.7016733495632494,0.3076940488885738,2,1.1550165691022016
J052627-655607,1.1980905384817309,0.0182692970879814,303.4310510163807,0.0512368035754264,6.416848515258641,0.1300830531921896,45.318192804632645,11.45288403195222,900.3532104788126,6.760874825609436,1.7172036560680295,1,-1.8492754089864445
J052627-655607,1.199861710347821,0.0200305128253193,293.6273584791316,0.0531419158076011,5.708991126071278,0.1572090638315466,32.48017532804317,15.576399561449277,712.6693472295398,4.317454947726722,2.0751682849802155,0,-1.400192853556632
J052631-654906,1.325372762025273,0.0155262868301881,292.0843415137183,0.0258773948204619,3.5558847491849823,0.0655736254094257,36.479653426904406,13.994484677593933,276.4806212978684,3.3362248152145044,1.281930730874102,2,-1.4582315147404756
J052631-654906,0.2328200073906227,0.0104995582934896,300.7612636378996,0.1877302686956889,7.996610880427263,0.4882846738772889,34.97059905017572,5.58807123885589,1398.2385473385114,1.2634213780331576,0.2235064652051218,0,-0.4764847378877448
J052631-654906,0.7079375305453967,0.0131905342883628,286.0069684532219,0.0557326551324817,5.070637009105492,0.1436570486904713,47.71041817355622,9.31740802413299,562.2045907215595,3.3234532089019466,0.6587501074518637,1,0.3112136278417097
J052635-674909,1.8900907636148023,0.0910637995973957,292.2340224937245,0.0561730790479334,4.079983075031409,0.0658270285354911,23.390295451259423,6.6071137794511525,363.9871625423398,3.5002222085927777,1.0045834207279665,1,-3.4822700272097222
J052635-674909,0.6368182502964915,0.0450341674154454,275.4533905962744,0.0464260639595971,3.078569142901493,0.1647604430881159,36.27590772746781,12.860784933830692,207.23693850009337,1.3800715049611003,0.504347828301425,3,1.3361145602796114
J052635-674909,0.2940399500904601,0.0140796072974237,234.89046632384785,0.0644124516976631,2.7436326230809898,0.1517330271190138,13.644142866574544,1.8014980129073024,164.59675167351585,0.21359812884507,0.0322412636629953,2,3.783400516043741
J052635-674909,0.1406671730130306,0.0252343449796464,276.9881249902463,1.0353155592293797,20.62089621991048,2.3357812936655717,115.37567726140574,35.28646415572567,9297.890277708751,6.494316447118144,2.4173130425396248,4,-1.8640842294140607
J052635-674909,0.4889615477026664,0.0434228321245468,273.0194169438904,0.2747193486263195,7.164867543879094,0.4388157574699978,51.573371087147855,12.034912423834514,1122.4982584618465,3.5061240706738093,0.90136452258357,0,2.4706863438014466
J052635-674909,1.1327500471910397,0.0988584934416755,293.26347521182237,0.0356753495787515,2.301108720302519,0.1073958987143416,19.591577969310297,8.125449207618619,115.78268595843514,0.9909677731078836,0.4225351596541696,5,-1.2166115182900512
J052746-675925,0.1310913127980043,0.0203259383035603,269.19731361548185,0.4518494083712107,5.9433773718242815,1.0645819676427015,8.206012870855893,9.039439677292377,772.3887804118393,0.1240675768207771,0.1397929067117707,0,3.999999999999943
J052746-675925,0.2063937150997482,0.019248356022941,285.8122752118366,0.385157337456604,7.1894746333941075,1.0140686271040351,105.46332909822976,3.4562739233105746,1130.2217359952162,3.03678459470952,0.5230266758609297,2,-3.20903938404183
J052746-675925,0.935333607979094,0.0350083126915293,279.6504972289944,0.0434473349928685,2.3750572626090487,0.1103676590256085,21.01713588250448,4.794320820786688,123.34385381669355,0.906010109409538,0.2136270668218289,1,-1.7123944807250382
J053209-684307,0.8850299002183237,0.0526333971173164,247.2299972678385,0.2456216992539937,8.422705544611459,0.5784391008320305,48.80920286262454,12.770289788651414,1551.2170874024048,7.060413936779942,1.9554459293750288,0,3.999999999999971
J053250-682012,1.0836685933103811,0.0731840076386654,266.0625060384037,0.3066980594883247,9.261464656643664,0.7222739322318048,99.0884713396172,4.496653545375295,1875.5501934011552,19.298261022863297,2.1749053213757907,0,1.0401653317555883
J053252-694623,0.5718003738008994,0.0659145663649489,245.91198018435705,0.3448366796640585,6.100491658310382,0.8120903803937178,27.33776072671579,8.27891256804901,813.7650226131227,1.850508557130512,0.6482519387288606,0,2.6160030245353596
J053252-694623,2.7129059149217216,0.1006199279630563,264.3201525133889,0.0476138433768153,2.6181357973966803,0.1121420972604222,22.97002095573939,11.307123247167556,149.8834500822352,3.1659728028103595,1.568756748676761,1,-1.4393254840271652
J053254-723155,0.0314114128571823,0.0059891985346338,223.23077021225924,0.4274663268346027,4.372021650975356,1.0436706286464308,24.881060601299144,4.008882548473154,417.959260140716,0.0663067209120432,0.0229014267917323,1,-3.999999999999971
J053254-723155,0.0609536051064572,0.0052577108791743,214.6788350809877,0.251171968066099,5.796061274814688,0.6296647786565177,53.394828955840595,3.495692866769452,734.5735389065534,0.3660584630719497,0.0561475098673168,0,-1.062750478484702
J053254-723155,0.0417288175093867,0.0074536941884774,235.150072315711,0.2444017378437367,2.7905380881483857,0.5756606243747209,19.764086688512364,4.809677241019107,170.2727902928822,0.044660097810133,0.0163285278161613,2,3.999999999999971
J053318-674000,0.1429035385210288,0.0255890577952891,295.49068400790424,0.7428986734824375,8.381635571210373,1.7942256623614985,21.331115878194097,15.775835356477051,1536.1261834790291,0.495797370196936,0.3919134025531196,1,-3.999999999999943
J053318-674000,0.6330624174232562,0.0242345668965566,279.0391718719925,0.1770752682303927,9.37665197699493,0.4293986266585153,70.62591911532628,10.546971494282191,1922.493755841135,8.135370358027258,1.3083394582545458,0,1.3459034143931494
J053342-684601,2.1759480977895183,0.1008808755536366,251.43906532974944,0.1873238833405294,5.80373798239305,0.234296177020763,39.84378657871749,10.982206159693217,736.5206683098303,9.764181007496164,2.7574376775185776,2,2.848070896277505
J053342-684601,1.2778626728439155,0.0350904512569526,242.65267242869825,0.2196581865475466,8.859034116129852,0.5000307801049498,37.56070216565349,4.213220385104719,1716.0980273034768,8.251314640683253,1.0605980005569338,0,0.9699952149762224
J053342-684601,3.0002000832405735,0.1521857896151037,253.46881805854213,0.0342859813448048,2.301108466046892,0.1123041448390454,26.73256123788229,14.128106681897162,115.78266037216228,3.58135000376626,1.9094499001962544,1,-3.722598153181053
J053344-721624,0.2528826686687164,0.0131859593925053,226.1819582805344,0.0845360567219595,3.3062644332690465,0.1990823249563446,18.381784168423568,4.981957635133967,239.0256535360357,0.2982381528303949,0.0842487431020614,0,-3.2191329777536453
J053434-670956,0.3548806889869826,0.0520463773552495,285.9610557647763,0.5687854986240268,7.909130162179919,1.3394898514699158,17.517982125875378,4.3429330400151,1367.8131967411025,0.9541442919179566,0.3188155715310935,0,-1.6939925169738783
J053523-673444,2.6000667568827955,0.0383714560887263,280.20205963423166,0.1350819790515941,10.322245486903617,0.1905439074082642,38.285860339455,13.897694681351028,2329.795008868331,19.93957879159502,7.253352261680894,0,-2.210089701273432
J053523-673444,1.3491392772593285,0.0861780125117796,284.9183682648815,0.0633751651034796,3.886953859147386,0.2383562766329543,34.21379577851208,13.068818557595264,330.3604996884758,3.4816596726008937,1.365170242955884,1,2.4719035789346435
J053523-673511,3.64565743119399,0.0925341725612285,279.9003384194215,0.1196542355526223,9.613690420833748,0.281785725803359,34.410824558666576,19.178478580310827,2020.92226933785,23.403453952124604,13.07517035947463,0,2.573612387989101
J053528-691612,0.0590662523331585,0.0029085829252665,240.47768652185417,0.1524973270130909,4.633316894734863,0.366644645442009,69.45663396912877,6.601781075208641,469.41109802487847,0.3688621053668048,0.0491017699053175,1,-2.469428381912479
J053528-691612,0.0544008593377692,0.0028598736431238,234.04561496911327,0.1686757266045934,4.823961900556418,0.4105524180693314,71.59907804375115,5.707253959650343,508.8351236684228,0.3646161880628545,0.0466361187950228,3,-3.999999999999971
J053528-691612,0.2167693658013426,0.013107654291979,267.4172519877019,0.1500124691408508,4.124999363005877,0.1872211114079559,9.185996920957091,12.768768722760274,372.0635413397723,0.1593921671388406,0.2218866395767396,4,-3.3966473674386743
J053528-691612,0.4408688932700551,0.0090638034088467,263.4600334773641,0.0899668950171972,4.7070311021906175,0.1209321221967573,17.100607587362912,12.6747302839467,484.4661965329792,0.6886316088439771,0.5109067704636318,2,-3.642790844658237
J053528-691612,0.0610755341950155,0.0026883544622455,252.19679560871776,0.1148312401064331,5.321739687308997,0.2722696268123445,26.540739493289045,23.64093963460864,619.2650902064223,0.167398980157791,0.1495365949351182,0,3.793270893138498
J053530-655915,3.9193280697644486,0.0957148578349348,283.7218223718162,0.0333846415799491,3.17757539221533,0.0964780029220016,26.30078768544529,16.549930229817672,220.7806821706625,6.356164435642258,4.007315005364752,1,1.5115658141610309
J053530-655915,0.7147087699127971,0.064671724828266,286.88197755642767,0.4825682885298395,12.437146232259732,0.8488345284278004,80.49011951970915,1.6073472481563018,3382.2898715995234,13.883894702274636,1.5977937127436748,0,0.8919361415005937
J053537-685507,0.5562873887741215,0.0267540902373915,241.75095939693225,0.3345389543611759,7.180547585747185,0.5698002240811391,46.10360798223515,5.612451151950713,1127.4167245593758,3.573638184897568,0.5469952534531283,2,0.4128078876308052
J053537-685507,0.2931645113880897,0.0360919147339934,250.300535974602,1.120113409946854,7.078710356777238,1.6909574683757669,54.47718331600049,14.704144031119371,1095.6645961309678,2.1938102969473303,0.8355638586171045,3,-3.999999999999971
J053537-685507,1.7375310530645312,0.0250117419373805,262.0422781138308,0.0267722651827049,3.771582057094188,0.0635181162479301,20.224290257431512,9.977505634689852,311.0401593120913,2.5718658554135763,1.2700898638517355,1,0.8589116564123742
J053537-685507,2.3613012683402443,0.0840384819921985,247.34850779196168,0.0185773904351247,2.3011082688499505,0.0704133049406052,23.40261430676408,8.173350934075152,115.78264052782558,2.4675826938939283,0.8695491222623919,0,-2.9825556349486533
J053544-660204,0.5482057158236688,0.0049991961389024,279.35283039297485,0.0373783894308457,8.358961279975198,0.0880261066486428,28.739911484741626,14.052594912683467,1527.8262616496042,2.555642996942687,1.250107770814768,0,-3.4387756473335003
J053544-660227,0.1139917866929479,0.0280567718414936,273.3773226004208,0.3885888460232068,3.0138889433447105,0.940152680932537,30.305824488686103,2.61613432915573,198.62039182252357,0.2020439250928589,0.0821510449893683,1,-0.8896199182011628
J053544-660227,0.3402585362731968,0.0229341488298649,279.6359489073966,0.1597412575089199,4.681705764572889,0.4057401871825345,35.507269046380905,14.158939279586503,479.2670536247216,1.0976131542592051,0.4539710317868088,0,3.999999999999943
J053545-660145,0.0678902029723532,0.0078791744177605,289.75831494519537,0.564490461223832,9.57893910132876,1.43903147628327,49.28726364282115,24.265122608132504,2006.3383207960967,0.6219824258594946,0.3281886594497603,1,3.999999999988404
J053545-660145,0.5016562069467931,0.0098206797894618,277.28895368733697,0.061048948665115,5.9170956942314,0.1472689571573872,22.182792369017907,3.806000225044931,765.5728611282904,1.2777617532169825,0.2229332976536552,0,3.999999999999943
J053547-660146,0.1206359789964429,0.0189934402106853,293.71600617323554,0.4964911545485513,6.43091977609304,1.169236804492919,48.337290962655906,10.76170202921695,904.3062399556632,0.7276979290689318,0.2384893991839493,1,0.5039118300695122
J053547-660146,0.2311906125982075,0.0253562291428551,277.746631615812,0.1940604950102809,3.608369515582903,0.4570124904634336,28.774734640314545,13.315891387407689,284.70254804656344,0.4658127967858953,0.2292525543374408,0,3.999999999999943
J053601-712930,0.6375588658641855,0.0578703242915232,213.64344125288292,0.1393761878627755,3.131412070134324,0.3282289310762714,27.07280864287259,10.37308527873702,214.4123447975248,1.0488483790236438,0.4273744510065372,0,-1.3705473849520329
J053604-691845,2.615134437147061,0.0467589301352105,240.43419358911328,0.0205146205940102,2.6096007542761868,0.0591779747874727,19.268539292120337,8.128540568380442,148.90781197085423,2.5517361661922497,1.078983125065307,0,-2.422647480521732
J053604-691845,2.0602720960772856,0.033449395810746,231.9895473856506,0.0339054507201207,4.1681996959446606,0.0825586272374248,13.832218143459489,4.8792941649965,379.8974504295029,2.3050683875372093,0.8152494107585467,3,-3.999999999999971
J053604-691845,1.1336055195228478,0.0380185851945678,265.72093882856535,0.0541052635580736,3.343327929996233,0.135936272842172,20.282573996208804,6.46742113667564,244.41468546407964,1.4917047904887155,0.4821072190574016,1,1.1981545783183378
J053604-691845,0.2249713027400068,0.017509634926748,250.45552001542663,0.8120521907816517,17.025804002609124,2.3814847546630307,108.01305012630291,15.149789775134876,6338.472390316415,8.02841604047334,1.7086041924175324,2,-3.999999999999971
J053657-691329,0.3462809138732255,0.0363159455571585,255.4399683360718,0.7486460073041196,25.13075398750209,1.6799090817494529,176.93550528151093,17.051827152223023,13809.577168906384,29.879130251270965,4.701022098030363,4,-3.999999999999971
J053657-691329,2.1599612203456884,0.0466350332478115,250.07242619570425,0.0752087458236232,4.211762480602377,0.1567293423061018,41.28811938165593,21.974259443028124,387.8797318583542,7.288762753610332,3.8918591662544735,0,-3.999999999999971
J053657-691329,0.3396566166692284,0.0222678774017687,282.2004730807668,0.1596939782851213,4.873177157837218,0.4089587344385217,44.71888845649401,12.008051148889717,519.2706108046981,1.4363562429334535,0.4149162392285481,5,0.4676875513334266
J053657-691329,1.9444804570917096,0.038468570326827,256.15196142544386,0.0314181821155585,4.037331813848522,0.0988895181691751,49.011267762030535,17.477483393790152,356.4168533970295,7.466427462216302,2.672894995287283,3,2.3198495019366883
J053657-691329,0.5219514335301448,0.0258548457206951,275.2182641258947,0.0970477212904346,4.007188881095917,0.2635434962527836,54.51069909511204,14.202246844540252,351.11466662747614,2.2124351378508123,0.6045246139927813,1,-2.9011725165530606
J053657-691329,1.9707941943039584,0.0467443391259615,245.5084502703604,0.0931915864832323,4.5247483945851386,0.1650841997281449,39.87420893899142,18.778697120106767,447.6702281180209,6.899961638152335,3.2633678269818978,2,-3.999999988729344
J053736-680033,0.3975077982992159,0.0678340447078305,260.03755577938733,0.2569587385368825,3.0707740954925926,0.6051317340283721,16.26019915274606,2.6448100608408422,206.18880442696025,0.3851574200623602,0.118341144713384,0,-0.4360626172611433
J053744-691025,0.8800574907551675,0.0119134747151233,269.76495886737456,0.0706000797129109,4.891093213732288,0.1383892346837588,36.91931930929626,10.173267321846078,523.095787920591,3.0838237997432616,0.8552467849527913,0,1.3423050893088655
J053744-691025,0.252873055913776,0.0080917145658033,271.77568977191623,0.1613813859779483,19.214813752902,0.4074057223969516,65.20185860199489,29.101656718759976,8073.125471238785,6.14776982452693,2.754073392467202,4,3.999999999999943
J053744-691025,0.2418929835055456,0.0274964133302363,266.16663176685586,0.1265786835204869,2.9912186458603864,0.2339737124995908,61.06247718856999,18.551321539180464,195.64360759723863,0.8573629981708554,0.286080035445841,1,-0.8291554708086437
J053744-691025,0.5259288867075225,0.0249646337231301,243.723929131268,0.0307304790666001,3.6996977628910894,0.1339354047287165,47.092320850466976,14.246863748549554,299.2966374943861,1.778124858580305,0.5483093997826028,2,-1.3012048958715354
J053744-691025,0.7498320230472599,0.0259510310941496,243.6430696153552,0.0347157582972359,9.374382475771665,0.1524424746552937,33.133567642608035,4.916666971879768,1921.5632373737317,4.519534861467167,0.6925599286608867,3,1.1660607981915518
J053745-691008,0.1891447843249256,0.0330711367233843,265.93273354896667,0.1505261382649762,2.942295933838973,0.3225155371976299,74.42049464494153,49.60012151757157,189.2962658517316,0.8036966555789128,0.5607396520484701,2,-0.7512932560182435
J053745-691008,0.5788976976818889,0.0225142960777868,243.7933505108017,0.0286569581725492,3.5970988892550246,0.1151506087052437,33.689626071541944,5.272090830796415,282.9268070835975,1.3613483756562477,0.2238013249415772,1,-1.3932225959699167
J053745-691008,0.8686916709967869,0.0134573639741874,269.4865831575095,0.0841315771917519,5.216933392306332,0.1657425175901114,36.05433922942037,9.15539829610634,595.1136716360909,3.1707162407410627,0.8129119565818274,4,0.8415082070368953
J053745-691008,0.6249021040222795,0.0232490887465648,243.276140220142,0.0462478434152464,9.433827592879547,0.170584508533938,33.44570479037504,11.057389682031395,1946.0106553388705,3.826125060472349,1.274807109508144,3,1.2273682541369908
J053745-691008,0.2276306969209336,0.0092985099104305,271.62271302056905,0.1880026342654912,18.761525546186174,0.4772017014814102,79.8230967303763,39.45915397582851,7696.719189374417,6.615252664659533,3.2855913127669663,0,3.54766116965368
J053804-695337,0.274702470841957,0.0486503251362724,264.80126409960207,0.502125284472527,5.776870424615282,1.1845133644744248,38.61826233666315,13.879722620373444,729.7172227865103,1.1892326050423472,0.5352551471520608,1,-3.999999999999943
J053804-695337,1.5011766043241808,0.0351727739571185,246.0356357598193,0.1270969323436936,11.06668136451126,0.3002741177244131,52.19869504115297,19.45134260986458,2677.960428838891,16.827814893065902,6.299672601555593,0,-3.9999999999998863
J053822-704114,0.2618159866824748,0.042999975550292,257.935784630951,0.3876292689040925,4.813188385555192,0.9128669290993172,21.032102439001587,9.799057979014089,506.5648647202856,0.5143166653303716,0.2721560889509184,2,1.6645565930992916
J053822-704114,0.2908997869837175,0.0443570468664526,230.3975770016596,0.3382011621229769,4.523184569477727,0.7964645911634383,21.924904155536428,12.033386584220404,447.3608376713096,0.559814706673052,0.3337751482639053,0,-0.54681935068146
J053822-704114,1.1697202556950417,0.0446681359523366,217.1759081402112,0.0835220765492341,4.460400926425517,0.1966947009268532,22.454044575505925,6.463423502953153,435.02792769719,2.2733660783449694,0.6676922727465868,1,-1.889102547927792
J053929-700327,0.3218616159348063,0.0745913659404151,216.44002456629383,0.6131436817055057,5.395494198880546,1.443953372288864,24.30930777161967,3.919526785676758,636.5489463782593,0.8192036837157225,0.3186644745492229,0,0.3351713559804068
J053929-700327,1.6921847414290634,0.0749659473998103,238.6310805848524,0.1160401274406674,5.341709722712004,0.2732745005597427,37.65675829258911,20.900770188886195,623.921443147681,6.60525938184938,3.693290041427277,1,-3.999999999999971
J053937-694612,1.6079372065702648,0.0565452701153163,231.09007036167512,0.1536485493942905,5.642986513187866,0.3010737888456655,55.876045487046134,18.93383040755492,696.2855275668486,9.838358556187902,3.3925220658422988,1,1.1775938625128504
J053937-694612,1.7438077274025998,0.0415161791061957,238.6821245530416,0.1730138085425356,7.462863831441847,0.3739303398221831,61.91231419657913,24.114196154178373,1217.8123633662135,15.635077564561117,6.151147393602304,0,-0.2463740208917216
J053940-694619,1.2333067488082108,0.0389096323141102,231.696332409416,0.0685633028939793,6.084615072886408,0.22368756958789,50.72744760922689,19.122463114615208,809.5348724359056,7.386966254932573,2.807524510104911,2,0.2373213966462515
J053940-694619,1.425060638706485,0.0357728229609684,238.50067560182,0.0509949697207328,4.287874351543247,0.132558288530598,64.65390011875509,28.99147279861167,402.02535589677376,7.666356491678058,3.4512016512007846,0,2.501182110259037
J053940-694619,0.3340893452990817,0.0290643937633869,240.5097028524908,0.8414878415025472,19.776767195456525,1.1267079993515878,199.8680018604428,25.082739210359048,8552.24130569804,25.62595649399525,4.176550664099769,1,0.9365614704949792
J053943-693847,0.2515821630396016,0.0081843837370423,247.07657279998585,0.4824503163258846,11.626119126511636,0.7825138721679028,98.5916024534301,44.03639956517341,2955.5538802079973,5.595944878826906,2.5342166703326936,3,3.999999999999972
J053943-693847,0.1798948915200964,0.0076675267242431,261.98933802660537,0.1020454842113986,3.916112015198462,0.2524448086929682,74.11343799200795,17.86686186216522,335.3355178785108,1.0131874077513288,0.2564954363939995,1,-3.999999999999943
J053943-693847,0.1374111548787223,0.0043798391236509,221.1351492947768,0.5439541963466626,13.973040365399436,1.0935686511088003,136.1511566907707,34.948667761763986,4269.245910322692,5.072862906810563,1.3708930470661225,5,-0.4829668411849184
J053943-693847,0.5928504966052875,0.0132651348342211,236.53283279081256,0.1170539387130581,8.901805624839277,0.4737886539923558,65.37989074599164,36.13137710490424,1732.7087071999997,6.695551774506082,3.720348656029814,4,1.4333992333494618
J053943-693847,0.4585272132946801,0.0244189513658426,229.43258513927103,0.0804074118733913,4.9660700174863734,0.2024946108626868,29.219470890988788,16.879673649203166,539.2560431186068,1.2911276709823991,0.7508763907886461,2,-0.7890308084730009
J053943-693847,0.1591962499839276,0.0070658928701734,268.56684862722733,0.1299316348421523,5.135217990578536,0.4028134547079432,37.950169938052646,13.616992331654153,576.6165616861098,0.6020385894998432,0.2227286237713016,6,-3.999999999999943
J053943-693847,0.2096493953394667,0.0068544591559388,276.3791035976491,0.0909339275894519,4.987144371241847,0.2287660201736728,28.608324169737735,7.0296225543846855,543.8426019481353,0.5804393675293567,0.1463246750866168,0,3.999999999999943
J053952-694509,1.8005858079342725,0.1905479580595842,239.29388593204132,0.1110572932374844,2.3011085626068093,0.3030739231132182,70.87816582543242,33.275698595711106,115.78267008918736,5.698785213201037,2.8434162030332586,1,1.1800836379206032
J053952-694509,2.4484504748637725,0.107823610317431,236.8155030051012,0.219826796344868,12.559497630149757,0.4704466029018936,83.09655532754934,25.397287459191475,3449.164284461508,49.58673350141749,15.424218427934855,0,0.3455218012711896
J054002-690619,0.7653389434936126,0.0282915650660212,270.5517695795739,0.2565539764751585,14.111159320290176,0.6303342538518021,68.17386774463904,9.541382421399632,4354.0632564508805,14.287404109953233,2.1644059609722057,2,3.999999999999943
J054002-690619,0.9910304915395488,0.0531214342645782,254.4017095853606,0.1574116034286768,4.05944343261089,0.3859535411432594,46.046330381979494,10.689306576107684,360.3315847648249,3.5947394946547937,0.9221138612028562,0,2.6824862940666208
J054002-690619,1.679511151142378,0.0560745219503101,249.38553136004228,0.0880509910024127,3.61089494394733,0.2013221714911942,38.42330530226764,12.018755224728189,285.10120316924264,4.521800042412399,1.4446122366685883,1,3.2477274591068124
J054002-722215,1.0275822895200646,0.0668758578085032,255.35913687685672,0.1044026474191656,3.271499384262277,0.2458678667626583,19.275327893321126,8.09810052137527,234.02541796538145,1.257430861466167,0.5428697405416661,0,1.6008453862939973
J054004-694438,0.2817787759381686,0.0212700700354683,252.88258883149783,1.987533977654165,22.91868993834024,3.635382143149947,152.27015454813403,38.88574157449578,11485.473976077485,19.08234498221152,5.914611801139015,1,-1.9432240689049536
J054004-694438,2.040020168134433,0.0880440973241167,235.36958168438,0.1072788544203625,4.122883418346535,0.2304341766060083,53.521507428398,27.55649711387445,371.6819345187988,8.735398854191898,4.539675220849048,0,0.9912938651263516
J054004-694438,1.1539858860503254,0.0449776638238361,229.67148530254872,0.7171200871149884,17.458721035713733,1.0461391074932247,38.94133526662608,29.22669463120288,6664.9085544760255,15.224486344315476,11.478156544074372,2,-3.999999999613692
J054004-694438,1.9704179628318568,0.0766005596280997,239.954517991892,0.1138774454627475,4.209626931842478,0.2290567843939486,54.87230047476384,22.959552350756,387.486487423148,8.832304278059192,3.742491317543444,3,-2.000132104729346
J054006-694511,1.1091463890829416,0.0557330733459232,230.8874158509352,0.0514988386114118,2.3011085171483683,0.1481118421461209,51.46987960326578,18.632427229066845,115.78266551460992,2.5491653641688368,0.9459974733494494,2,3.5461600219871343
J054006-694511,0.3526934148897822,0.0183925315036776,257.2868039633044,0.452881737049569,15.753145239357613,1.159611568167242,59.298925058992005,16.354340389463143,5426.30121612957,6.3933773193544425,1.8551828340200711,3,1.6144847804411595
J054006-694511,1.9677051377789831,0.0436454905601767,232.69851937323045,0.2184146638160237,13.415481622889304,0.3607279169148734,76.65803662077413,24.63090958693779,3935.336568108448,39.2683693507038,12.691298061910276,1,3.369646056591705
J054006-694511,1.1308413105175432,0.0775798862749073,239.1551440265143,0.0833239120347732,4.6521954380325115,0.3071209760849967,79.79464304613441,32.347311146215155,473.2441410595621,8.146146942058445,3.392149061399824,0,-0.1511642129876804
J054009-691951,1.1117970461078897,0.0232494403230258,254.44676190066792,0.0282898943012578,5.135334511514902,0.0807468106149931,40.32267296168939,14.737045569338129,576.642729480381,4.467478332950643,1.6369427330175548,4,1.6945637975778425
J054009-691951,0.1280474542909656,0.0087247292390714,309.4044389817301,0.1195876389886755,3.4829805793057047,0.2896852140837944,65.66405573664916,6.8151319736476745,265.2598071501356,0.5682881394103169,0.0849224685796164,1,-2.042292800869064
J054009-691951,0.2638560724950702,0.004008414717684,241.4897038009222,0.1842236289850467,17.899438106449534,0.4678395415111305,96.67058912605862,30.340364289249912,7005.645215059022,8.859714843138645,2.7935174125162736,3,-3.402755775078504
J054009-691951,0.1601255697685337,0.0074932165930479,302.1349863480308,0.1114030877282615,4.800016290453566,0.2753278941323048,58.2461899662947,4.691208636623892,503.7960595935565,0.8687399806312172,0.0950321922960612,5,2.0075889880808404
J054009-691951,0.2053592914035392,0.0057617068658263,275.73056805437716,0.2922303028860998,10.276156362833698,0.5678702763594385,59.531809724987056,8.226476135032534,2309.0362528494484,2.4378839780002526,0.3692080058855446,0,3.999999999999943
J054009-691951,0.1306623613884985,0.005455319557069,262.1664998738682,0.5787350025233571,10.970545244707454,2.31463067821306,131.88507026512875,12.677900393064608,2631.635701618345,3.6685398224325287,0.8641891267570981,2,2.9703544043791794
J054009-694025,0.2255467910224652,0.040534163088982,284.3211174536256,0.4058226132606913,4.6051102338154015,0.9557122517912376,8.893118611678675,3.84427543337018,463.7131424474201,0.1792460751247361,0.0917877824103512,1,-2.5761217340593703
J054009-694025,0.5034947743515046,0.0228343705531611,238.2085110450002,0.3227082695701149,14.51123459510528,0.7599779775695691,56.2499561215084,22.57812521888821,4604.453273882426,7.975178382017616,3.2484777458536453,0,-1.421529741034675
J054020-712405,0.6249849751202677,0.0250479028971996,212.7828112221239,0.2210192564467946,10.793872428480135,0.5717036192071774,38.59609113810016,25.21155590441657,2547.556974662371,5.052531945656921,3.317406906619788,0,-3.999999999999971
J054020-712405,0.4023502925189823,0.0495055452665043,222.73665265194856,0.1667083316948561,2.755276400881833,0.4118062997063889,31.07133455304428,13.908588134428175,165.99678955757528,0.6684182332280613,0.3259870307560438,1,0.5600568534939327
J054021-712441,3.806965758909078,0.1105061676158924,218.46092805144195,0.0305919946549049,2.3011107675085967,0.0832400859401134,27.58535363146053,16.895475366633658,115.78289197314596,4.689363925483952,2.880363670705685,1,3.999999999999971
J054021-712441,0.5993159702908758,0.0493056703473469,213.9282222253249,0.5937970359081042,12.521513147308529,1.0875088539741216,83.90606999176917,12.937728317233251,3428.332781900084,12.218698024494191,2.3845502663090237,0,3.717206662349183
J054024-694014,1.0038903194788216,0.0369506811620228,226.4756590543076,0.5207287028953053,10.90079452944943,0.7854325811458649,44.616182737503024,9.84981422533336,2598.2782091480226,9.474487286801969,2.2276935464923406,3,3.999999999999971
J054024-694014,1.1278082937023537,0.1099535233361566,233.5858549214164,0.1601574934339486,6.3313265398702825,0.3762648683984141,57.56779277020802,23.90688526660561,876.5138233671487,7.976795575898608,3.435541733722649,4,-1.9610728818902032
J054024-694014,0.2349452053218522,0.0197205842794213,254.95920763676708,0.3815923880761746,9.244804606432607,0.9334184996060108,6.721304707045013,5.232828605035891,1868.8085694082963,0.2832936203965589,0.2236707194233536,1,-2.6407050251051767
J054024-694014,0.0762644976311542,0.0215949439323664,282.23548975335945,1.0479744109219788,7.547608389417099,2.467979777834932,28.5365118918263,7.719482446967263,1245.6271362183866,0.3187509929444344,0.1626132410403988,0,-3.999999999999943
J054024-694014,0.2432656864706656,0.0282525232872559,242.47756962774528,0.278114896505198,4.484767461281028,0.6951509836385904,63.66954431110803,18.811813914956065,439.7939013484752,1.3479426425582082,0.4762016919945244,2,-3.999999999999971
J054150-733215,0.029886728583784,0.0019243571069972,253.8498736780033,0.1190455545228117,3.770459151533012,0.2803522816371259,94.51141763115623,4.248708490908225,310.85497615774614,0.2066692122990168,0.0223495094654203,0,0.5450364708677853
J054306-710403,0.2872540816922722,0.029933271333991,268.5054208115986,0.8422304573451935,15.58760868317309,1.2186264964591471,145.47743925145394,7.896595713752496,5312.859523156522,12.640383140605929,1.7838658191910617,1,-3.0227564554529067
J054306-710403,0.3559328008880743,0.0447519443948143,263.51528982517186,0.2378901311072155,4.847321058857246,0.7205407020958663,28.679861286981268,16.856622097311348,513.7749379741166,0.9602089100843038,0.5945177869070588,0,3.999999999999943
J054309-710424,0.4725870294033637,0.0502422664113719,265.2600486013469,0.5326915869435178,10.218255536692505,1.254488687592158,60.81413583472486,15.0015101649524,2283.089108696673,5.6987812147403565,1.6830476204872211,0,3.999999999999943
J054314-680654,0.1009748244191193,0.0118301599951286,291.82202828028187,0.3540165780810421,6.162188391725322,0.8337142005241119,33.79218035091711,7.837016444361411,830.3081232386495,0.4080216236295088,0.1195261779595488,0,-2.7558240139337613
J054314-680654,0.2118513387045108,0.0152355028097228,274.18834751321145,0.5308541947910574,5.685690533438077,0.921034190801055,28.20945967443745,7.672854633885933,706.8638622277707,0.6593683323163579,0.2140571034407925,2,3.1960780879680897
J054314-680654,0.235886583460633,0.0493920399990888,277.46124955956583,0.110035868164733,2.301105448532516,0.4285622806809808,15.323765543663717,7.432854159879067,115.782356713627,0.1614076619446394,0.0904173798430202,1,3.999999999999943
J054314-684436,0.7395868397217271,0.0340486748306475,258.6169880569535,0.1656189615722255,4.801227545555316,0.3981224209022197,35.552301656425705,18.625775274111,504.05035145585833,2.44978557498858,1.304296906120553,1,0.5216976191650815
J054314-684436,0.3791977231625462,0.0269174161065968,273.3013379653491,0.2710929511318036,7.620883332556975,0.6872774471177889,31.69564819690611,19.40331106514329,1269.930547294812,1.7774179388903495,1.1070474686875886,0,3.9999999999963616
J054314-684436,0.8273852614805957,0.0397295960354872,264.0064141999116,0.1266764557871077,3.647650270745248,0.2976222860159012,30.74187094615693,17.203052439220425,290.9348377140059,1.800404770282731,1.0218160839016677,2,1.151627821586942
J054317-662655,0.2756039952135604,0.0240230085880552,291.26115904071753,0.2036506837921649,4.764664557743985,0.4795973596125179,55.5964423661061,9.54667696352039,496.40255185346894,1.4167190335738749,0.3078347125273292,0,-3.0507735914579257
J054424-685820,1.169527972307947,0.1230512105870361,287.0819382465537,0.2875821406235589,5.574102867733051,0.6772559363032569,29.50739852081764,9.86243773568035,679.3902377090068,3.732805849911392,1.3843826185837955,0,3.4980893591966264
J054424-685820,4.7233267304561775,0.1720400652785109,267.56056348130716,0.0509323115862113,2.8517967758908487,0.1199575142266633,21.53968748609428,9.356496308554425,177.83059891156026,5.630213284425838,2.4656558217055142,1,-3.999999999999943
J054427-715528,0.1228645324509064,0.0078937011621721,236.3852842815633,0.1983499489332732,6.29608944429033,0.4671413560606794,40.57378411612231,4.816811984468506,866.7844709241631,0.6090624465157879,0.0938146721698577,1,-3.999999999999971
J054427-715528,0.06140271800551,0.0091282801190572,221.8975716232105,0.3432122208432877,4.708157339109535,0.8083051398622471,91.61335905930127,4.614952970240738,484.6980577548469,0.5139445413961845,0.1195495610608897,0,3.999999999999971
J054504-693928,3.574401602261612,0.1976535519236394,232.57125034064973,0.1136548659463652,4.191554361469362,0.2676572080903184,41.03833869020517,24.877609525485287,384.1665520860318,11.931281920900648,7.302667598155866,0,-1.2677378336172749
J054539-661715,2.2311751173129983,0.1858875377338374,285.97017656287517,0.0936314512881904,2.3010990962323365,0.2223345473072068,24.839364965504114,19.41513986195476,115.78171747019678,2.474733033780959,1.959915907721123,0,-3.5722295653564515
J054552-684612,0.3125694473944194,0.0452525573218975,268.53292535140906,0.3491893519632824,4.919511045517523,0.8241056056683186,13.45118763337974,14.07798275654495,529.1919434771023,0.4013728413421913,0.4293723128686937,2,3.999999999999943
J054552-684612,0.6982843338805067,0.0490619768873554,258.2625326663545,0.1503950005968631,4.187525739472608,0.3600068313418973,29.305307549397803,9.726833019062498,383.4284401886917,1.6628572138996502,0.5819838757294705,1,-0.1078672386582297
J054552-684612,0.3522521533347758,0.034975774664039,247.5313973583022,0.4195564167131664,8.51076511868113,1.0498050068447613,23.63794388038979,12.496429987440116,1583.8226654485889,1.3751524470351355,0.7588960238241449,0,3.999999999858943
J054608-712741,0.4507843588550216,0.0510677113216247,236.9322163599054,0.2709199438460954,4.8769888961054155,0.6380164678398446,23.01888091962646,5.579728921197847,520.0832624673549,0.9820276112156772,0.2924765693790749,0,-0.1798247260175003
J054623-665544,0.5459342118991807,0.0599645019421585,285.93010443114355,0.4132767850387962,7.673180906375131,0.973266825500678,35.94230883300076,8.309413507876405,1287.4199023833744,2.921733546700123,0.8346042024602848,0,-1.294794896858832
J054629-702643,0.3772229707541854,0.0369196402845078,196.3473543480957,0.1308520671138467,2.726087090188612,0.308086004286659,17.097715622577713,5.072456954221719,162.498290302125,0.3411888527871871,0.1133471078310011,1,3.8358993083115536
J054629-702643,0.1870241430140828,0.0257335863752959,207.3004194499616,0.4112699208983066,5.6588233726250365,1.0022621775489946,28.56736724740218,6.948398722581175,700.1992173934984,0.5866957159675392,0.1941044524994979,3,-3.999999999999971
J054629-702643,0.1538876608251064,0.0231223873540305,287.0308616058498,0.5792558197461032,7.382699559776054,1.5063764737730057,77.75104082018467,6.675318967448972,1191.7899915043367,1.7141313262995366,0.4585875828483834,0,-2.3342086971035765
J054629-702643,0.1814682397185305,0.0403201773869231,257.53717977958235,0.2496611506023998,2.3011082346774314,0.5930555555477938,30.89583987453751,5.831402741693971,115.78263708897438,0.2503551708639314,0.0974150683705014,4,0.4744106689165051
J054629-702643,0.1562073745739002,0.0220355909894165,218.26941611832768,0.5765381746304454,7.989421679902401,1.4685647222489704,14.796525543943265,9.70956985066394,1395.7255580680535,0.3583401838725779,0.2493719145321646,5,-0.8979929058102414
J054629-702643,0.2055458616156904,0.0324496922734326,278.8299633748501,0.3044788771094974,3.5832646756415163,0.7250974930157497,36.37851265972819,6.668575114823892,280.7547548968228,0.5199378710221579,0.1639808645128794,2,0.1148390258241534
J055033-682053,0.4295472874842064,0.0316391058101703,284.50613344166845,0.2310032595905997,6.3957758382509535,0.5440126772911725,108.93730065807804,13.698547143235125,894.4494715006005,5.807640320801784,0.9799511354740594,0,-0.0726078619452437
J055130-691631,0.6496179662002207,0.0229423978155252,299.55066860682894,0.0524133241372349,3.0265482323314528,0.1234322366237876,36.909081069543255,11.817174361840046,200.292433234678,1.4081786212950531,0.4572115684837655,0,-0.7463063222604092
J055139-684315,0.5730222850386926,0.0434358775151659,282.84280043344796,0.1266583688465103,3.1082625377441584,0.3031991448091425,30.79904894367341,6.021446804461017,211.2538984134877,1.0644993470029782,0.2461799598780175,1,-2.2296909287589983
J055139-684315,0.5639061222630163,0.0284135508399191,289.74125209698155,0.2035113591898772,7.112432821261982,0.5347595065553333,42.53717479640856,8.033488556444642,1106.1287961278692,3.310644254255111,0.6933281029235693,0,-3.044693462883515
J055142-684302,0.3016617792372505,0.0347501558210585,286.31971603914263,0.654334223512622,11.5838123429899,1.5409570966843509,91.90183365913644,5.828877581155561,2934.082833822035,6.231819493860117,1.1656370214094516,0,-1.3243650261369453
J055206-681440,0.3759894243521706,0.0142946794590977,282.7102933969992,0.0510800223290134,2.6741419579414014,0.1273197787306209,25.757617956502052,8.288676981796955,156.3645359285949,0.5025562427758494,0.1645931657276783,0,3.999999999999943
J055206-681440,0.2163993835152004,0.0082830389429522,289.2184127703263,0.1626694099917014,7.351490412250223,0.4280311906360461,62.05727007818162,10.015591102468246,1181.7350970792454,1.915768236598001,0.3367732696560154,1,0.9614749482306024
J055220-702147,0.2577534203027787,0.0247197139808893,269.4845503440834,0.1544018289620595,3.283235071041658,0.363616714444056,31.857191266373786,3.3158200323879043,235.707444938544,0.5231578968818357,0.094015286958718,0,1.0881408786688098
J055227-694801,0.3162015662335036,0.0197017291534756,261.55019391498564,0.1680986921885575,5.501895703687398,0.3958724214574047,22.959433992515173,2.8388387516651066,661.9025446047948,0.7750976760724263,0.1209421157686391,0,-2.593094262151169
J055613-692332,1.2442199600118011,0.0287085674363211,297.5948935726098,0.034538329510352,3.0526195256553943,0.0813365749791537,21.85622079665978,7.463847490802375,203.75801418530915,1.610882258346075,0.5530345676794105,0,-0.6214887240880671
J055636-720648,0.3994167212767125,0.0418162663201246,241.62173070412032,0.2468926559374521,4.809251700424993,0.5814322056408621,15.917045053033608,0.5797968402393467,505.7365693398777,0.5933146639691712,0.0973141249642504,0,1.6659877174496671
J055653-682229,1.2943761359160115,0.0521474642902194,278.27945121076874,0.0817484086373368,4.13804256284836,0.1925175022358176,29.06734776765355,7.069908808424732,374.42018244502106,3.021201867834032,0.7579887080056189,0,2.8448553588549435
