Name,TB_WNM,TB_WNM_std,velocity_TB,velocity_TB_std,fwhm,fwhm_std,T_k_max,NHI_w,NHI_w_std,F_value
J043855-672153,9.333085693087192,0.1916900997711457,249.88301211451747,0.1409086877977892,23.504709501819075,0.3601572803310821,12080.338949413395,4.256954698596681,0.1090804659112663,1.0
J044056-662423,3.550881167573504,0.0552914451590742,249.78297296143168,0.3362770619343457,40.49484877295033,0.7626001966802882,35856.58350503325,2.790325109154568,0.0681806727598293,0.0
J044415-684211,18.521728210902296,0.3249210795057425,244.8067777757632,0.1052331543839757,29.351328586265588,0.259709211679177,18837.56970950612,10.54940968700309,0.2072701557745621,0.0
J044415-684211,13.174749119635596,1.09272687707509,240.6397822004024,0.2537241165346349,9.556914797357512,0.5818946936515909,1997.122810627432,2.4433121531116457,0.2513870864830167,0.0
J044451-674636,4.450887013674301,0.3965081100160715,266.7126913999845,0.2434743635680794,6.811135911656975,0.7613025874452424,1014.398122252846,0.5882812456583587,0.0840800107116718,0.5
J044451-674636,19.638534682508578,0.2242599729349662,254.61523485711305,0.1883084899950457,28.12578726540553,0.3032690024853784,17297.31597672861,10.718466495188686,0.1683341701415008,0.0
J044710-675049,7.9876065932761104,1.561210471199402,267.75978246718125,2.494109861095615,17.240610557986187,2.446748370905881,6499.420373643959,2.672318361693943,0.6454623650174929,1.0
J044710-675049,16.361790109853832,1.9606869485449727,254.4097294496553,0.4935337913333741,11.922132300840886,0.6501350912282349,3107.972859200347,3.785329080849602,0.4983608928563153,0.5
J044710-675049,11.443055389751036,0.1219723821245463,234.73345251405271,0.1773842286929065,19.525362530072567,0.4127813996030638,8336.189071698038,4.3357076776023495,0.1026455462813548,0.0
J044746-704843,23.06477368409893,1.0523171966442928,237.33642864226303,0.1322344991919927,16.683127685730252,0.5493534516207005,6085.892701907642,7.466989805987754,0.4201282633282706,1.0
J044746-704843,3.0692558093771,0.5532691624652486,252.08103630961887,4.508657074824937,34.138184741062105,4.791150988947448,25482.978765033888,2.033257570190691,0.4644923482560588,1.0
J044809-703144,3.779085657013257,0.4542948026634054,263.262932367526,0.5431598843566878,17.54046023520793,1.6851836189103662,6727.462917918805,1.28631284744343,0.1979415930023797,1.0
J044809-703144,8.795775932574495,0.3257096376223684,237.7223397455711,0.1210909668004214,10.988976547097868,0.467755190364149,2640.4858030146147,1.8756434770647727,0.105817104634316,1.0
J044809-703144,3.857037509806129,0.5614623928208494,251.741541022796,0.8289889368954196,46.67736785549139,2.0085117774038364,47641.13066440208,3.493647693009383,0.5303145397085147,0.0
J044902-705155,3.4580531271423327,0.204638919356152,248.52151745146983,0.8322458135350714,44.479953788539326,1.446502968901405,43261.143875942966,2.984797523411923,0.2015431637471093,0.0
J044902-705155,23.586918194341248,0.3415193298219093,239.1658574074844,0.0704149190407178,15.166314359526464,0.1994697925395457,5029.5537173157645,6.9417687420061736,0.135782068545748,0.5
J044926-691203,42.84298734991828,0.3864770440523966,239.78886010668373,0.0417149195017033,23.395874717546377,0.1116249579259687,11968.725811771685,19.450820223704262,0.1984886434768862,0.0
J044928-692630,32.60669501881122,0.2951460116152344,239.1350961999189,0.0741899822650491,24.586708574232613,0.1589965262673272,13218.133411352448,15.557007535917174,0.1730579559308051,0.0
J044948-694013,19.89754330484821,0.2836663621733882,239.54194220209865,0.0484809345200384,11.648852489956148,0.1760889916305316,2967.123582900076,4.497813995739588,0.0934544537124278,0.0
J044948-694013,13.315584183859846,0.2144628048421937,242.40434032600743,0.1073695514008822,37.03358345266616,0.3345905004761362,29988.91950895465,9.569182759709529,0.1767122532482571,0.0
J044953-680436,5.3556059024512965,0.1574351169195865,233.33199402347825,0.4541935280520686,17.575108676927034,0.9644355097628822,6754.067274496733,1.8265245667163243,0.1136996205180445,0.0
J044953-680436,32.5685482416061,0.3074343337252097,257.7432729304444,0.1055038558627472,20.249740834776,0.2060902452176843,8966.19711674375,12.797842365032093,0.177641416762609,1.0
J045113-693133,18.757218116331753,0.354978866611878,232.56908797393643,0.6034344093534458,29.165195166816808,0.8847712319819397,18599.40784698544,10.615787161913726,0.3795523032411233,0.0
J045113-693133,3.030382575305844,0.246305255662366,267.1763133953921,1.994026091836708,24.854855797509927,3.607969432494933,13508.024490930478,1.4615968388744038,0.2431478076591134,1.0
J045114-693123,2.320738322555703,0.2385476307653143,273.3786627366607,0.8631828611122657,15.642252473998392,2.10694347624483,5350.174245757113,0.7044405578439875,0.1193519332403054,0.0
J045114-693123,9.356672683101694,0.2900758885256469,221.88538264409928,0.3821379666166743,17.647657322370303,0.7628571454588041,6809.942862890137,3.204257329840164,0.1704418888170119,0.0
J045114-693152,7.966991236529049,0.6280370876736102,250.84358331644643,0.2887644170610312,7.938324111642785,0.6700901043455243,1377.929496812763,1.2272754680034208,0.1417407804329181,0.5
J045114-693152,18.912825224149177,0.8251815465815386,237.01916675427623,0.2828475356968244,25.509504188367572,0.9296086618706204,14228.96722287206,9.362187052969343,0.5322004022311919,0.5
J045114-693152,4.9997706738615,0.8282729954448037,243.17001111086915,0.997684986632532,51.1714486846984,2.4810031017270573,57256.496231290126,4.964741994382768,0.8569655953523377,1.0
J045152-692332,10.193442054361316,0.6285729985833898,248.0321289143093,0.8483793389326829,40.242395036735104,0.7740635771405744,35410.901534426914,7.960192412463423,0.5141837060812525,1.0
J045152-692332,28.36014081849684,0.6876647363422275,245.98054230211943,0.1072294244476648,15.46465471601896,0.2998166730326897,5229.375157590042,8.510743423784767,0.2642105329494153,1.0
J045209-665525,45.91512425086571,0.6419663575422716,278.7532958464698,0.1525916281797772,14.504860508133609,0.2592717045955078,4600.409132828812,12.923739860685012,0.2932706677215681,1.0
J045209-665525,9.785901329745151,0.4122345244130765,272.14201969306515,0.2891183444802977,39.38740461600747,0.7042869316739452,33922.204868392284,7.479577802701602,0.3422858728025094,0.0
J045220-682306,6.880436104002067,0.6999338700854544,253.9622772945232,0.4727149150588894,37.24656123015053,1.4934546601056111,30334.84006902459,4.973029507359907,0.5437704911585702,0.0
J045220-682306,25.68898471643509,1.0136669355433232,264.66541721343435,0.1233793107233128,10.159688253513524,0.2731925449566266,2256.9924574240245,5.064612347447532,0.2418310077692571,0.5
J045332-704027,11.8852604507274,0.2813400845750327,229.7328878298269,0.5821176264550633,21.86091322596396,0.8748472433189063,10449.751058980975,5.041919306092232,0.234413521425215,0.5
J045332-704027,15.89356316818776,0.4667458092119826,248.510559164424,0.3513178399617108,17.848745273653574,0.4697276593281882,6966.020159711895,5.504879933652504,0.2170699304028996,1.0
J045344-693729,12.972513147486708,0.5316991095783761,229.5470732500869,0.1600576654730267,16.001498682803724,0.5042482100235965,5598.744695454096,4.028131749605442,0.2082505349071911,1.0
J045344-693729,9.713093850251653,0.7240447162864824,255.14448274852128,0.3554367555008381,15.613993084540455,1.014589351165592,5330.860392443791,2.943001305927188,0.291020598508335,1.0
J045344-693729,4.622320470513191,0.7648228933231987,249.95711930206883,1.3721261791405404,54.275883569404535,3.190449877387355,64414.427033280175,4.868395379583991,0.8548547657429497,0.5
J045354-692131,14.166756962667304,0.9172259854872656,236.8469599714088,0.2103814823076887,14.18129796546566,0.7295406984428011,4397.454029271018,3.898569786319357,0.3223807200549711,0.0
J045354-692131,33.557064868033336,0.9788043226980668,239.75174158406017,0.1118096342973615,30.61941218506468,0.3144177263122221,20500.43337035263,19.93883151923548,0.6165647520913486,1.0
J045403-691154,35.584557726467864,0.5469229894718258,244.0109302055896,0.075470114126473,26.776063034146727,0.2386391488344807,15676.993823473616,18.48958575738143,0.3284937394365326,0.0
J045421-680056,7.534341381337321,0.5658003170278825,256.88440191319785,0.2103466731315612,31.145007178345946,0.9096109875637304,21210.270849796183,4.553576285373642,0.3669029385419648,0.0
J045421-680056,17.816855035255035,0.7617259387305543,258.3067214448959,0.1556447165032443,12.744650282851907,0.5236608577032571,3551.6093394568247,4.406338492295198,0.2612720881962113,1.0
J045425-691102,23.54529308215107,0.6639435087014136,241.8888667216944,0.1045488949889106,15.59310456924937,0.3981304569256204,5316.606604411591,7.1245194950986965,0.271009684875638,0.0
J045425-691102,16.736913133114705,0.7365862628511465,245.80712126972605,0.1971703388174587,33.19421001294875,0.4983272711998215,24093.174076939013,10.780938945755432,0.5013069705441046,0.0
J045541-690629,21.512915156764,1.3696079609026894,244.07352756692336,0.5079450504708369,12.112786705905494,0.7298366988628013,3208.17081258185,5.056642160753559,0.4432307925256945,0.5
J045541-690629,19.376777523353887,0.412298820630448,251.2102714970984,0.2149941816100513,30.57339168653089,0.2627392254089309,20438.85601738157,11.495928665616898,0.2638042613879727,1.0
J045545-694830,8.852251480616097,0.2783039845338224,258.5451118203476,0.1934339363194322,14.528284316823791,0.3689881432913923,4615.279474134778,2.4956688630882216,0.1008618450153926,1.0
J045545-694830,3.7841641303572175,0.1418008379892394,221.3422207606224,0.3291597820923178,17.917145906297726,0.7767687985131464,7019.513351671054,1.315702446436911,0.0753909158245901,0.0
J045551-690210,11.347737137341491,0.9517092945356432,245.56733478606952,0.2683540930761693,13.868212436889207,0.760263775367836,4205.429095913059,3.053856599076897,0.3059751013634059,0.5
J045551-690210,27.22898074796329,0.8017966379947923,253.965152718202,0.2787606671533614,26.163728699578304,0.2507680537638399,14968.166934504694,13.824515161136675,0.4281010485846351,0.0
J045603-693332,8.881085592631758,0.1333492380178455,239.95404432877208,0.3862988251006017,42.752614819643775,0.7527807668761487,39966.37029226528,7.367966198437418,0.1704912381699288,1.0
J045603-693332,4.648695514504088,0.2972001898621263,219.9213613626569,0.2180633280506767,7.6193832443060785,0.6122813889172767,1269.4306523823047,0.6873371326767528,0.0705777733780082,0.0
J045608-701434,5.2106320906191765,0.3664029172301304,229.54030260211337,0.4274787491656056,18.84639062445045,0.8565727338850829,7766.506687623923,1.9056251914373528,0.1595507279542121,1.0
J045618-684948,10.55382337504561,0.3724662516196913,256.7017168748544,0.2139187586728125,32.89175015141451,0.626117594104416,23656.1088079526,6.736211143797996,0.2701071717399713,0.0
J045730-731750,5.023156697604353,0.171777265994072,245.8195565732386,0.4190389323563109,40.559070973905285,0.8567688816047622,35970.4061179306,3.9535170131195487,0.158909457497523,0.5
J045730-731750,4.0398075825178,0.1754592408552233,239.80530490357583,0.1893743447832258,12.59432695875916,0.6109610697804367,3468.3208863838972,0.9873122621454988,0.0642840215301018,0.5
J045730-731750,2.707162154791263,0.1468699240479291,265.5799583623969,0.2121376361449041,8.629649464708223,0.601242585841409,1628.3796035578357,0.4533423716742315,0.0400297096458592,0.0
J045746-691937,15.352147022065818,0.5905212532356154,239.30171534721455,0.0992761291630141,10.480963251927014,0.4358779544793956,2401.9930159891533,3.1224048023175803,0.1768732415551979,0.5
J045746-691937,10.354797177987653,0.5575895363602077,241.4752866828917,0.2181783853269481,28.25758196563784,0.7156092334277058,17459.802862219298,5.678001197895553,0.3378713921921861,0.5
J045837-671243,11.530871700012026,0.2409099301454693,268.7629376478818,0.2925106932939741,33.55183402453689,0.3929745325756889,24615.115235122623,7.507533724859723,0.1798147020904124,1.0
J045837-671243,12.720193512475827,0.3436188826218792,278.57650293363366,0.1591480843261634,12.101937148564186,0.3727211894409858,3202.426198163347,2.9872219961320017,0.1223718096077052,1.0
J045954-710737,4.334557597208168,0.19377692380629,232.475994331656,0.4526179957072292,21.544032255526208,0.9982434664017712,10149.001694536546,1.8121354482414591,0.1166704968300586,0.5
J050050-680345,12.133332174268167,0.9738443753197272,239.0460272062844,0.3654044595769383,10.940764469639616,1.0590533006771683,2617.3673541206936,2.576004653907118,0.3239069177765189,0.5
J050050-680345,10.999361502618829,0.5782062211797073,247.6289834387112,0.4558436953250841,31.360352723166233,0.7376188602664095,21504.592693399325,6.6937162979846425,0.3854823396760583,0.0
J050200-693158,9.94588584351074,0.2869957115516769,238.6989888199988,0.2371051679170525,20.46117970128271,0.5165078626360808,9154.416821681103,3.949053586522232,0.1513976633779752,0.0
J050214-655037,28.77368304222111,0.226189895067248,277.7600940498946,0.0808006693404332,23.692106883443714,0.1634939385360676,12273.734094254203,13.22872613495544,0.1383706702891843,0.0
J050227-655711,30.353488900265045,0.797201433829769,278.5598481113753,0.0593502588694532,14.02137780868463,0.2672242533647774,4298.834513607604,8.258823708375669,0.2679931899674183,1.0
J050227-655711,18.2897405079212,0.862668151302545,278.2942358679793,0.0992332301359523,30.024544770069703,0.5043727167229214,19711.61492961915,10.656212253628738,0.5335408689809853,0.0
J050258-675802,15.633792311197036,0.2798316424245781,249.94009434246703,0.1435658883906658,25.19971807466173,0.4378030985882667,13885.473946933853,7.645024955809914,0.1906918499454336,0.0
J050258-675802,7.264313016471302,0.2453638955926624,274.27877387173936,0.1646294259183874,9.432713932683871,0.4022327874354173,1945.5512306424607,1.3296890744725791,0.0723300621561518,0.0
J050411-670107,34.981882314543164,0.155040355948888,272.192245936914,0.0521396257559839,24.624324270260672,0.1418115241763608,13258.609722540104,16.715769857179488,0.12146720924221,1.0
J050411-670107,4.50963169635321,0.1384044524868752,244.47278367398224,0.3264959068755725,16.575815913049592,0.7458666230635891,6007.851281826213,1.450557257719557,0.0790037757001974,1.0
J050413-700456,14.700935616146436,0.4488250181942317,234.810648985527,0.3298313082522944,23.310229135788983,0.5961081979079617,11881.258063149044,6.6498278927117145,0.2648245429368325,1.0
J050438-705441,12.568475353820062,0.3655418964699024,237.39978342826333,0.222390560961788,17.01791422338642,0.391764408319243,6332.599239114884,4.150570693708125,0.1539493970306917,0.0
J050501-664516,4.201901622996344,0.2727910825119766,257.34797956801464,1.778039744651469,36.90933128148613,2.093256520203312,29788.02415364616,3.0095457116942232,0.2594264256282607,0.0
J050501-664516,31.816594387748427,0.7008042806754184,282.30043093268523,0.0710321693891791,10.311854184567895,0.1865656499826642,2325.106606802401,6.366626047750852,0.1814705386745092,0.5
J050527-705358,21.41582520297171,0.4584304877529581,234.6749799743124,0.0990882234520677,19.15500081653968,0.3465073685555747,8022.942754654242,7.960418043216232,0.2230919221029684,0.5
J050527-705358,2.6960765786134906,0.4545397763982912,225.9190498201153,1.8596801501102809,42.48862032740253,2.737290488355673,39474.3149582939,2.2229195216465043,0.4011950695579876,1.0
J050529-665556,12.852768627536928,0.5815505628145827,271.7464377988863,0.3941468806199499,35.37701298942904,0.5355706108313579,27366.021628753817,8.823415638518053,0.4209844796345342,0.0
J050529-665556,22.21856044429263,0.6671946790423797,279.0718347647616,0.1291773732966615,16.77272882109994,0.4479256652074089,6151.440032433219,7.231668832761441,0.2906018034305091,0.5
J050531-655517,2.4498334526264234,0.14925182611523,250.2081838970977,0.7524056772529172,19.73554898430036,1.674631163660144,8516.629747900448,0.9382199414930856,0.0980009476964941,0.0
J050531-655517,23.82500412205257,0.3848233154792748,282.7981545583335,0.057027004061721,10.824768287913468,0.1930491911952988,2562.1618551771144,5.00461277642628,0.1204120078893354,0.0
J050531-655517,7.213947031292598,0.3097962543312686,285.09877500505286,0.4528151205405865,36.17015826228283,1.1477719902936987,28606.85810508061,5.063400093725638,0.2703587847146516,0.0
J050536-700512,10.07611398500134,0.6321021577643537,225.4442766334595,0.3064019482299567,29.342616873313865,0.8373644805790931,18826.389081323312,5.737342835438088,0.3954048815610911,0.0
J050536-700512,13.669469124843152,0.8509927290582195,228.215308475112,0.3924967252466265,10.649962791386535,0.8567830068937243,2480.079055274828,2.8250011305690665,0.2873569064001795,0.0
J050709-690101,10.94549029017336,0.2246258942877178,258.8729334792643,0.3795596511408112,46.00996789877379,0.8051703840154736,46288.51031544608,9.772508062829148,0.2635611402047937,0.0
J050710-714405,10.195575182956295,0.985714011596088,225.40053085283975,0.2654196390602099,35.891681013653844,1.233945337198164,28168.06034104725,7.101080205297022,0.7286454268368706,0.5
J050710-714405,12.768658833049464,0.8818098244168057,226.73291231899108,0.2590308567939591,16.277466845825668,1.061878059550466,5793.526297966111,4.033211434040756,0.3831433302355818,0.0
J050831-670620,6.269105716838005,0.090421846737194,248.1243274767,0.4140500971640033,32.10574749540672,0.9249560608046944,22539.01410027392,3.905775405289563,0.1258305381677334,1.0
J050831-670620,17.743364207260996,0.3400131460988781,285.35904167818273,0.1768534812975767,26.38748989234873,0.3981320484416447,15225.287552556018,9.085585804340814,0.2215885562193954,0.0
J050858-684336,17.968755367648985,0.7504486074745726,252.40439797328392,0.966833105996136,41.02455826700518,1.6771760539280167,36800.79245500948,14.304767276879891,0.8359837688954708,0.5
J050858-684336,14.009432368588454,0.8290249815722056,243.526351790463,0.1584074621557177,14.00121391484375,0.619872687030569,4286.4792491567605,3.806318423430936,0.2812970345247294,1.0
J050953-685302,12.39460421743424,0.6498355105087358,267.6223502376275,1.131343128720374,17.66522812945751,1.7421025446820764,6823.510188875078,4.248844147165777,0.4745168784835273,0.0
J050953-685302,44.02952878813048,1.7996816111610272,246.96772175132187,0.4276883483205685,16.489102572842214,1.0269407532683683,5945.157752979524,14.088343899632466,1.0494558390003248,0.0
J051129-680618,9.085734945923454,0.4005333424078873,209.3347359553256,0.3435633784400954,21.01642293910389,0.8806072118412656,9657.99426497363,3.705422634018594,0.2253553689782393,0.0
J051129-680618,10.172820220980414,0.6177497562230164,294.0372159508113,0.4160255760443705,16.851562453915438,1.1685143638993831,6209.400785984155,3.326598833459748,0.3066090482478482,0.5
J051129-680618,15.171187224811543,0.3447167215388752,275.87982243229504,0.7278585715300512,48.292643859897254,0.9708841300598084,50995.43587510401,14.217375611170231,0.4313273141756303,1.0
J051222-673220,12.173940439071131,0.2157353478079904,269.92810955807977,0.4252940526932822,18.838968401669188,0.6876690716359279,7760.390567781144,4.450483317594231,0.1805747062238382,0.5
J051222-673220,3.8526657479111006,0.0877817270161459,228.9297178866016,0.3278685896395199,28.404894646564216,0.8345160558636062,17642.32058006883,2.123603350069815,0.0789498750547487,0.5
J051222-673220,53.60526750693878,3.4558419343808766,290.5117134249233,0.0984476456356224,14.876184045998473,0.3536622446952442,4838.964424811992,15.474545328622654,1.0632790414855742,0.0
J051317-692224,12.204324080921984,0.4382299172115119,235.63930125843345,0.455582334567432,43.21995105349943,1.2439094510317266,40844.90452081653,10.235684465588363,0.4710173683676054,0.0
J051321-692240,16.315335898981992,0.8022869335524677,234.9556387750997,0.3715615961538938,31.192174861025357,0.9457968970020452,21274.56345881407,9.875533427426166,0.5705051459327488,0.0
J051340-670640,11.172661523042752,0.2147603511382101,270.12526456222025,0.6182780854614455,44.58610854536454,0.8802690411891108,43467.88223073928,9.666630049446434,0.2663528889030284,0.0
J051340-670640,38.162097885535616,0.7746986486523381,289.29118623296534,0.066346596943105,14.852306241220504,0.2640909580611074,4823.442820934422,10.998792875893708,0.296808338386678,1.0
J051418-673528,19.190589318473105,0.5950429007063874,283.53628604322273,0.6002176268980679,33.35427799821787,0.6712579868315884,24326.09688386797,12.421062379432724,0.4591414275823744,0.0
J051418-673528,42.36882246420489,1.0508301810017229,295.9979507111791,0.2600040570382921,13.17438091943708,0.4890949851238712,3795.157259539614,10.831671926663306,0.4835793288095563,0.0
J051641-714905,11.566935659528918,0.3341847650060503,228.3830513416416,0.182257865469548,28.81505316906127,0.519255791623572,18155.49918424401,6.467800748096918,0.2202277540524942,0.0
J051716-702357,10.217113719534764,0.3217385243540952,247.6296236226812,0.1932649753884752,13.57740717792356,0.5856690598112889,4030.909322772398,2.691931204438128,0.1437607743428142,0.0
J051716-702357,8.482588804933588,0.2679111514126516,234.2608882720747,0.5123226061755997,48.62074249309053,0.9409279661866838,51690.71234826957,8.00329617281638,0.2964446481514345,0.5
J051819-661717,5.823868026749135,0.0909712337876848,250.0260462832011,0.2037183093919044,21.87621388345821,0.4841065329585839,10464.383934906597,2.4723079928260057,0.0669639994274461,1.0
J051819-661717,6.381223965199204,0.5104598027947089,290.92956445381037,0.2967272446280732,32.053140394469125,1.2165130886034743,22465.211690820302,3.969112973284581,0.3514235455077449,0.0
J051819-661717,18.245219996939227,0.456055778368136,289.3718162547937,0.0760794027011048,13.14646850654623,0.3175921328427127,3779.092781277516,4.6545435364408565,0.161795714022607,1.0
J051832-693521,8.006394797556684,0.7125931285826379,248.05741762099248,1.384435401652896,65.63890223721062,3.3562945038062715,94208.9063366886,10.198051428738315,1.0467636408665515,1.0
J052000-711502,6.759254357160338,0.3401554420268152,224.248181704452,0.3509110253277483,34.37058658814446,0.9541328645800212,25831.119705285633,4.508215012682847,0.259097046016507,1.0
J052000-711502,25.343771626223372,0.399269308024091,228.01877966169937,0.05561671759922,11.348522554481894,0.1785441331047642,2816.099490532129,5.581224072466538,0.1242591993239356,1.0
J052007-680223,27.07365932079616,1.1148386893628015,284.789119629727,0.6703153908156154,26.59386938329914,0.8372564119543938,15464.376211975476,13.97163972095153,0.7241917362341764,0.5
J052007-680223,10.71384815978718,0.42971001172082,254.0489449593217,1.84615323057092,39.02114441364742,2.6375559568535047,33294.258588395,8.112680572857911,0.6375946820038552,0.0
J052009-665023,32.12461745495335,0.4339081133405629,292.2538134401844,0.0461103767911517,13.93863598653,0.1924976726691702,4248.248342825652,8.689146675174554,0.1678460853972223,1.0
J052009-665023,6.2201628773863735,0.2498683959124949,291.4017991914478,0.4084515637641917,54.07958665758147,1.4670451936018514,63949.34062033767,6.527607123149196,0.3164022408118246,1.0
J052105-695939,29.403448364116944,0.90686710715783,241.9469808342953,0.0877653111899889,10.279898283586132,0.2466432900669121,2310.718166490698,5.865512585450213,0.2291912341551684,1.0
J052105-695939,10.442007581081477,0.2458966585575223,246.08637530868333,0.1977628737555863,46.82268068872758,0.6671558631788012,47938.21869212621,9.487661150358472,0.2611324363689195,0.0
J052127-670722,11.06999613975568,0.5685366383107423,284.7793888443158,0.5511905768488061,37.16276885895748,0.5662767611453886,30198.506997653178,7.9831524114053325,0.42766400616184,1.0
J052127-670722,14.958825160707471,0.7657055390678938,294.281759147598,0.2323665678219424,18.503012789068546,0.8880159768029698,7486.076171369043,5.371045386624694,0.3768600925203737,0.5
J052218-672737,18.142103124881515,0.5005814764555792,287.5083470470533,0.1200891784538632,12.57125336627773,0.3926086336299969,3455.624167280596,4.425731858488739,0.1844281564937807,0.0
J052218-672737,9.613023863024852,0.4019315169714365,280.08389911935404,0.4936433398749202,39.68312137051921,0.9707998551844808,34433.48616125309,7.4026076689501155,0.3585917909228263,1.0
J052229-703757,9.310947964221109,0.1346355242035293,236.02681625799983,0.2147881539615932,34.973862932048604,0.5091533191176454,26745.859018729683,6.319116909512018,0.1296567174681218,0.0
J052258-684428,6.0367030986908246,2.914395190769392,267.2945517945648,3.1232624027544538,24.87199446740519,4.191182716214759,13526.659834728553,2.913595892238149,1.4898340188336552,0.5
J052258-684428,10.770731077852904,2.1093681633390817,239.68799992458844,0.5490235690098392,15.326421474406336,1.41578514638991,5136.305802486868,3.203353257401852,0.6936295515654369,0.5
J052258-684428,7.41554853232017,2.4829237488603124,239.38742129430813,7.572787873889194,41.78016119969307,5.7759155512486835,38168.893166628535,6.012184227978332,2.177853474606952,0.0
J052319-675535,11.753747256826124,0.3536042270852522,223.19858581787005,0.1234505531986606,9.3492256441694,0.3534995918499993,1911.2637685035747,2.1324108151507093,0.1030307792720902,0.0
J052319-675535,12.994490090757036,0.1515235656463072,244.00999415646115,0.463994869448704,44.37854822962488,1.0382178809617473,43064.114902563255,11.190544544498492,0.2924979590669511,0.0
J052319-675535,43.4131084256624,0.3266932686474826,283.7442226878138,0.0785555162160556,22.83341106339784,0.1708819505183147,11400.159672836306,19.235813832239348,0.2041431005113035,1.0
J052340-705019,18.5981358384384,0.2717093967667862,224.7472139031136,0.0772810673804108,15.08150774573926,0.2517238795251397,4973.46271809689,5.442933948030535,0.1207277610005581,0.0
J052340-705019,2.259770665097416,0.1322366990831175,243.14869064658728,1.7938395770404558,55.747390126097145,2.783833990042777,67954.53174738126,2.444599924225276,0.1880532718248306,0.0
J052341-705122,2.445240851618387,0.1521122318210462,246.9585001881496,3.2916586537908006,38.5445472325837,5.248826362420184,32485.92526576437,1.828956930030026,0.2737987287719195,0.0
J052341-705122,15.117275051809578,0.5100473829434484,224.3739270775812,0.131977878642646,17.665753350443254,0.5190355553551921,6823.915946898554,5.182324034467178,0.2318445765450347,0.0
J052350-704214,8.64131660838778,0.4617070809358878,221.9575130119668,0.7699497398949816,24.62824925975824,1.2291100394273875,13262.836766562705,4.129831618950477,0.3019317378170757,1.0
J052415-715800,14.101634496900957,0.4685423754011282,217.3781421968977,0.3208689636257152,22.796236084684143,0.6804296540668885,11363.068788960189,6.238087856987977,0.2786101285463814,1.0
J052415-715800,5.164693713025744,0.1600325436791703,249.57922163795743,0.7591134459986364,27.9069502658926,1.7156027388344974,17029.194294144905,2.79689290178185,0.1925356260671289,0.0
J052456-693855,9.199349393006123,0.8803514111245965,262.2848771383015,1.1912996294386449,36.81303275914671,2.109822527550392,29632.789663328105,6.57169801208147,0.7330341574587451,0.0
J052456-693855,26.77142755344718,1.5060671268171857,260.2901952352082,0.1884172878560119,5.954321035173228,0.4302263296256914,775.2358299532928,3.093304430797177,0.2832478240835401,0.0
J052502-693902,3.0711627546801585,0.4886008307623919,236.87206258246115,0.5640569821327479,7.059959790118548,1.3504485871209817,1089.8677429180916,0.4207498278214112,0.1046763659593389,0.0
J052502-693902,32.56761636130507,0.5311113755532545,263.05335334810826,0.113987043332639,23.13465521315959,0.3063666757441176,11702.951535873532,14.620690777209894,0.3071366331937304,0.0
J052505-664051,20.06806053750468,0.3802792771949506,280.3691460438054,0.2180279898271901,26.595717981081823,0.4858458270932078,15466.526211642737,10.35704846870684,0.2725980302960239,0.0
J052510-693811,16.35139221378617,0.4249837181521793,264.23399581148783,0.2842383673444583,24.36777183584791,0.6465715391063218,12983.775060598056,7.731957221967669,0.2871726727356956,1.0
J052510-693811,1.790771159358983,0.2701467888156824,247.41652972034697,3.919354105062303,80.16025440498774,7.798053031519338,140503.62120223136,2.785595584449508,0.500007329647117,0.0
J052537-661941,26.28274167852377,1.5637059096441408,300.2622684705765,0.4871198864823367,13.26913422347022,0.8734789206397384,3849.944937202887,6.767560406252366,0.6004609694856629,0.0
J052537-661941,14.576119865078836,1.2165645523310005,296.58060918368164,0.3058330696794675,39.46772405930396,1.2594429124770328,34060.695366785476,11.163564894008466,0.9975121762570662,1.0
J052554-662751,21.41402971961427,1.1830988171014365,285.9291681934467,0.2266923336639745,13.781318125049404,0.9424699064324008,4152.8941300825845,5.726747648847157,0.5034512169932913,1.0
J052554-662751,14.38933277483278,1.13248972472761,285.8429898650784,0.1784942285748211,32.26200463360473,0.8720276748166959,22758.940595172982,9.008467016670185,0.7496383701632009,0.0
J052558-660442,27.088312713903303,1.2429738601020983,291.7481317034853,0.2173651913116532,32.52668406699741,0.6636637897007054,23133.903867036963,17.097815757264012,0.8586048524572719,1.0
J052559-660518,28.037637824878548,0.8902604917688608,291.3729431730361,0.1494773497229303,33.234280670687276,0.519067744006003,24151.377724188867,18.082005284834693,0.6398345937808141,1.0
J052604-660502,30.75435609137065,1.4043847277453028,291.45913964596815,0.1305007952492938,31.50714922563721,0.4989249448630902,21706.38809057281,18.803324265518395,0.9088002732449744,0.0
J052604-660502,33.77593793934654,1.1751136583038515,285.2835309177448,0.1014828048452391,8.94142549362303,0.2736682582475529,1748.166798835287,5.860478366907233,0.2715543874869827,1.0
J052624-681505,3.1331834071474445,0.3091486073110282,245.55513061301048,2.2934399251630144,82.94625478926659,5.3685073094709965,150439.85515985262,5.043145363897144,0.5950910558576468,0.5
J052624-681505,30.354930584759483,0.5552773410722831,259.80756392014416,0.1608149693147902,25.09895235531982,0.3525049537958535,13774.64871251068,14.784400723104715,0.3409554009436675,1.0
J052624-681505,11.941289420200402,1.2834236580087617,254.53965436638143,0.5993422821541271,7.210173599062028,0.9929839971910356,1136.7390683834103,1.6707667851071548,0.2918602272804298,1.0
J052626-655623,9.4594493183765,0.4566644082611501,287.95937831984867,0.5789357962649628,30.880235306663423,0.9625485718823824,20851.175600120125,5.668463347340647,0.3257278967075086,0.0
J052627-655607,5.087392708763558,0.8163558224498364,284.9566350690256,2.176730896220504,34.70216469703812,1.6767647372875818,26331.916971083407,3.425868722141274,0.5741149198895088,0.5
J052627-655607,38.41731801123642,1.0315652159801785,295.53472975299564,0.122396370238506,19.76297662997451,0.3642929475221291,8540.318313225103,14.733240793839512,0.4798456092247029,0.0
J052631-654906,1.65336883277482,0.2356902463797342,280.9739586792355,2.872156389892122,58.98085053340663,5.090931800440705,76066.14479439688,1.892342157745169,0.3153466354954289,1.0
J052631-654906,36.802290139490815,0.4878421714808442,293.93664630537035,0.1531201858327548,18.5831209069597,0.2393074062227463,7551.037878864899,13.271266934422467,0.2452579847536385,1.0
J052635-674909,3.926252738583927,0.1707668475603476,239.3368042015841,1.318937490291224,29.288462930384032,2.416101295951624,18756.962253988066,2.2314837047868843,0.20808861822064,1.0
J052635-674909,23.15926333149019,3.7184217839228766,277.43537964226743,0.7085685996141731,28.01553050905372,1.4661731720299278,17161.96632022153,12.590485546247724,2.1261734645559787,1.0
J052746-675925,8.958779382165643,0.5031587814028798,260.7763861368388,0.2852066628626132,17.358598866717976,0.970698617679124,6588.683993625204,3.0177440081364444,0.2391640487526483,1.0
J052746-675925,6.532499460947642,0.4428455694006609,278.2377900923915,1.2008572715388992,45.38101672907529,1.467018439162428,45031.64243098659,5.752710133101207,0.4320470684853769,0.5
J053209-684307,2.8308861490864508,0.1734931622528659,309.6283021584985,0.6133199851153542,20.409879685524007,1.4447921801947397,9108.570685810248,1.1211965048111334,0.1049756604580009,0.5
J053209-684307,27.8389452078937,0.4486405131771521,250.86062167581247,0.082625403938157,22.023004497957817,0.2311116031313572,10605.288291141858,11.897295015105293,0.2287936566373502,0.0
J053250-682012,14.672275685725928,0.6151726744972522,277.044292281142,0.2947349369700508,9.274155951062616,0.4983784208026675,1880.693973508843,2.6405278979610207,0.1799688901144985,1.0
J053250-682012,11.64901366981476,0.4501512373864549,273.2366796846279,0.4094988329176885,47.06137301740661,0.8716617122875427,48428.22270697872,10.63830985565792,0.455870603892731,0.0
J053250-682012,33.912593338399084,0.6061190904521588,256.71883790664083,0.2019497858080145,11.4606962289709,0.3296971829373306,2872.045704381383,7.5420757625440675,0.2554186072463725,1.0
J053252-694623,23.148252268663807,0.36781067106382,256.1112530056428,0.1691997998060121,31.98354387459819,0.3143257511227157,22367.76082456734,14.366920116736429,0.2684119872268204,0.0
J053252-694623,19.564049135210873,0.6814111226122808,265.00237556560256,0.1453355793749397,7.466934408678986,0.2831350276980183,1219.1412235292012,2.8347839708773708,0.1459488673724734,0.5
J053254-723155,11.044559474162698,0.2697466507777073,242.06422472860257,0.793834172625383,35.25097012077281,1.0116554058335625,27171.367138166537,7.555067672222292,0.2846961186858689,1.0
J053254-723155,7.758689911174075,0.4623644768279561,213.3988748810953,0.8922071640992442,29.43547158449463,1.02885683556916,18945.729826523188,4.431780885885859,0.3061735717579987,0.0
J053318-674000,24.48021446200449,1.1825568969856552,282.1700736023039,0.2400209046106649,23.406001805654984,0.5273754440409723,11979.089568228608,11.118887587165522,0.5926615650507341,0.5
J053342-684601,15.483458122120403,0.8407855712294284,254.8508120476585,0.2574433012710663,35.91297230702764,0.8574757499572618,28201.48938664736,10.790416331076043,0.6400751552820522,0.5
J053342-684601,8.154986971126077,0.2040877918366257,311.4350011014551,0.2069361869583905,16.733671791524305,0.4909089376586674,6122.824862384092,2.6480940486717848,0.1021083759028198,0.0
J053342-684601,12.69288937896697,0.9732889877673594,261.48022637019454,0.4226065743826647,7.234186167792513,0.7978208933648226,1144.3232069917933,1.781841473194569,0.2393291207819814,1.0
J053344-721624,11.03898872203601,0.9177685716212556,245.1531635122728,0.2251867987240914,27.18174479878945,0.9041907380899752,16155.633975202309,5.822714650288438,0.5213990180858903,1.0
J053344-721624,7.464416333111807,0.6440139866125624,229.10509545053856,1.78836661628274,44.180914068981416,1.2806023768473256,42681.407970847766,6.3995500277495125,0.5824609463818771,0.0
J053434-670956,1.9713654503852345,0.160983932629606,248.14932602250943,0.5008608389498513,12.37287005067109,1.1904599028915768,3347.4203120164916,0.4733217698181783,0.059729601017861,0.0
J053434-670956,9.75810389490202,0.2592596095493335,284.5269950782225,0.16038130355136,24.30341621211053,0.4765949586740087,12915.284961436091,4.602053354460779,0.1519649507526078,1.0
J053523-673444,33.59436530151161,0.8415864017242799,283.0577385035218,0.155702872627607,26.998665070956804,0.3519251551040813,15938.737802809224,17.600605907232154,0.4970282431274528,1.0
J053523-673511,46.33237956344461,3.6216001125752126,279.3360671693889,0.7489939645404772,20.28074452386796,0.6748403531974971,8993.673813541523,18.23422825253764,1.5490423924636751,0.5
J053523-673511,10.163358981594705,2.9898386198016067,294.1679563436009,3.019966427915168,23.508314583644324,2.2571820725278933,12084.044925887336,4.636365296833025,1.4347175123211444,0.5
J053528-691612,13.511248027109144,0.3723595873983114,272.09474411923253,0.1891563663302069,13.32198781158538,0.5429929027963198,3880.676205404875,3.4928777487946907,0.1718469414289327,1.0
J053528-691612,18.27799023849288,0.3044280360045234,256.8799971140757,0.322420124471573,43.19282793334053,0.4608803690807843,40793.65533576773,15.320007129504486,0.3030271345387129,0.5
J053530-655915,3.92679349195666,0.143212063371179,277.88945836826304,0.7746689802501198,51.46410133012634,1.3529149469142772,57913.275766539104,3.921582385185991,0.1763001788382219,0.5
J053530-655915,7.199399546555541,0.2786856354694481,298.5110124893135,0.1817078997566496,8.556548572299393,0.4135135002288645,1600.9087701976168,1.1954014643489963,0.0740144259365417,1.0
J053537-685507,13.501237863091449,2.429585772693162,261.0538915487812,0.5325758938211688,40.55433575853337,1.590539383279104,35962.007618007585,10.625020294689897,1.95687913325744,0.0
J053537-685507,25.42233209429077,2.364348453070003,258.1486079240264,0.2324026361428685,24.002061480866324,1.1426951602722366,12596.979757273908,11.840848340072668,1.2371119070111765,1.0
J053544-660204,24.986345720479363,0.5483405914672888,287.97779854356463,0.1993710388886838,17.9247993470148,0.5112384255986914,7025.5115060378075,8.691123768598116,0.3127536244175976,0.5
J053544-660204,4.144557700894634,0.4859480695701098,278.1408894584258,1.4180655205633772,43.925960204957114,2.1459090586580736,42190.227901094215,3.532794220329098,0.4487305862885044,0.5
J053544-660227,20.144718128949577,0.3029122310542997,290.2806335276088,0.0970571767685535,15.077262718394255,0.2503548693245867,4970.663327703936,5.89389757709615,0.1320262857944824,1.0
J053544-660227,5.5073423652852815,0.2666890834403762,279.74754136536984,0.6028994866931953,40.39998604322864,0.8982763744962942,35688.78590156024,4.3175977381149035,0.2300599612123452,1.0
J053545-660145,4.186441296402437,0.3369648655268919,277.86541997478383,1.1158785445760684,45.70040987382725,1.713758874828653,45667.74149799455,3.7126498189432287,0.3296656491672403,0.0
J053545-660145,25.393566938441467,0.6069017273634677,287.9198591742258,0.2355446410917276,17.096627918481158,0.4519509073138614,6391.315608077246,8.424673060465057,0.3002197795449602,1.0
J053547-660146,3.669750099490753,0.2794154935897704,275.6130409491837,1.3576878622948616,48.77024580762321,1.960089640442249,52009.08733358957,3.4730442968012434,0.2990115847843645,0.0
J053547-660146,24.00847584380081,0.3719488317200633,287.8625581064041,0.1359693459501756,18.14460513790168,0.300740129573755,7198.8709262163065,8.453391811090041,0.191780381518126,1.0
J053601-712930,33.64111838303507,3.0413974185315857,220.76785175439343,0.3606194094168479,30.454833199035875,1.0880554959825255,20280.646454049875,19.881334743284413,1.9326523570544885,1.0
J053601-712930,4.985961404281002,1.3336160481033088,247.39184038935872,12.000968166321654,50.88690865768297,13.452854514656517,56621.51441883162,4.923499159140379,1.85153709956179,1.0
J053604-691845,18.59806762590644,0.9471721061410164,269.74132567262,0.2619664165325044,19.122457465210708,0.69677274324001,7995.704786339262,6.901292159809611,0.4321551459341029,0.0
J053604-691845,13.580528483701716,1.2114648956600635,252.86363543274229,0.6908653734843422,49.94424251898982,1.2905637267735597,54543.14867115815,13.161972790460846,1.2223868017817725,0.0
J053657-691329,31.94661718157895,2.2042310020792346,277.4455107873296,0.2763514938977925,17.048438311886965,0.7302515998082302,6355.336475883591,10.568865405599896,0.8582995926409667,1.0
J053657-691329,12.816787125975637,3.1302479859097008,266.4616218672144,1.0518452850413127,44.834893540031146,2.8854139576453326,43954.326463458434,11.15100989435824,2.816365551196746,0.0
J053736-680033,6.86904892304949,0.3421906689352195,283.7356030715401,0.2668926212502696,11.894708868410216,0.7261985008371078,3093.6913101385994,1.5855111973558689,0.1249285207190515,1.0
J053736-680033,7.585874718319151,0.1849371660750884,259.425917044568,0.5078157333093701,32.276306623093575,1.3005819787639166,22779.12348713845,4.751255503932657,0.2237534753264665,0.0
J053736-680033,3.0890895618415746,0.1630848018512472,310.0522146850968,0.8991955670986949,28.80650775882836,2.407096696961096,18144.732368546884,1.7267918833093503,0.1706690458679074,0.0
J053744-691025,30.29460819201513,4.389433851341882,265.8106990111017,1.3685457318488374,42.713026553126795,1.071399225918728,39892.388067816566,25.109876277094717,3.692318806985144,1.0
J053744-691025,21.847967394206083,2.881089987305668,247.7497274918592,1.1051925974991628,21.37654976177315,2.78237662319033,9991.819131904247,9.062907266601156,1.6791778148914722,0.0
J053745-691008,39.11336942827798,6.017277269091824,273.9155325362352,1.2453543035291583,27.84380218034328,1.2802516706381255,16952.213876016984,21.13355977993605,3.393312956660057,0.5
J053745-691008,34.65153014925314,2.017621853727793,248.9358666941997,1.1175469053524685,23.81976903529652,1.3027013314504117,12406.36162450325,16.016914241082134,1.2794300453468392,1.0
J053804-695337,30.12308999552217,2.3260863069977447,247.83265350608352,0.4369234042924981,20.37978158465755,1.4316531368882015,9081.725986986896,11.912911944527176,1.2435709462126023,0.5
J053804-695337,38.734954764265574,2.379219197066756,246.37836713765824,0.1321461043856601,41.73072623319703,0.7522552831036544,38078.62249229954,31.36735383683993,2.0079255754928207,1.0
J053822-704114,13.15389447008533,0.4415842679318904,258.11227971753647,0.1839828750293417,17.259364283715346,0.6501504910901772,6513.5677426817065,4.405528708850562,0.2222830574053989,0.0
J053822-704114,18.88947726454537,0.4314217242184717,220.212103456408,0.1794882506369196,10.925134412075865,0.4852943061463614,2609.894314984795,4.004659683840525,0.2000112173597252,1.0
J053822-704114,23.3533293293609,0.2940445232400039,241.6741273249165,0.3667751350184378,47.99506671356997,0.4136657822533313,50368.90889301615,21.75025187574428,0.3318683108828857,0.5
J053929-700327,26.224714957769145,2.1304321203697536,243.56248929816505,0.4307821294783285,46.13881746752922,1.0379726502125997,46548.13257668507,23.47989351465323,1.979226677016267,0.5
J053929-700327,50.42792412030352,5.124532126763322,238.74754028723427,0.2727868880652038,16.428823962019536,0.5872705839284432,5901.770210642747,16.076683201839174,1.731841499108557,0.0
J053929-700327,22.439616623189146,2.95834748673577,251.68325855268947,1.9350296743919704,23.810322535193706,2.2800290813939683,12396.523287522155,10.368110051426244,1.6893626921030789,0.0
J053937-694612,66.49688242975597,2.710711775525952,242.00257896997925,0.5214117783468654,20.086313508020393,0.5574918289957116,8822.056148828722,25.919129334474786,1.2781983215060764,1.0
J053937-694612,24.19099103214972,3.2184361703884306,226.46088942799625,1.0811478509433738,18.15384184076409,1.0808887664141629,7206.202114288842,8.52199146813469,1.2421341030489363,1.0
J053937-694612,22.00987352280076,0.4429618048882958,253.26495452918897,0.4993211189778362,51.00180701276408,0.5426074012076347,56877.49630979107,21.78321598627695,0.4958781819270284,1.0
J053940-694619,22.489739495061976,0.4531521160233512,253.41545034103535,0.6340657591838025,49.65167557596363,0.6370283065544325,53906.00681409126,21.668917748623556,0.5175996172691013,1.0
J053940-694619,22.837906366996016,2.2992689653358984,227.8663379928133,0.9948085485137328,20.928811366412184,1.1527148073788438,9577.639165180748,9.275124307440992,1.0643834274132644,0.5
J053952-694509,16.587087131798228,1.2130106623142694,258.78873587102737,1.9432990362680849,49.57094587470144,1.50120218675655,53730.85550563848,15.955713112380431,1.262917163559053,0.5
J053952-694509,67.94389892716545,1.55546347185207,239.1695054739665,0.1031393214527579,29.40188609540469,0.4672160058700069,18902.520829877743,38.76542439743962,1.0802836990405953,0.5
J054002-690619,28.592235694090892,3.2852127080016817,266.4949814265326,1.5786397329884925,44.42416242921436,0.8834322254176841,43152.68673400887,24.648259106202033,2.8741531385073036,0.0
J054002-690619,19.905044070595373,3.720885088960879,249.4972233266837,0.9014325660271884,27.18350448039475,2.022597621789077,16157.725797662137,10.499955912987357,2.112522057624388,0.5
J054002-722215,21.81321775559157,0.1709153228789391,245.7294070933244,0.141263682396248,37.52703066809296,0.2372941925621064,30793.4074206854,15.884839244850946,0.1599338819155684,1.0
J054002-722215,7.123425115004362,0.5705651134458101,256.5711926431522,0.19398202475897,9.02884357107492,0.6251620838218204,1782.5166749057537,1.248072686610982,0.1321369696415943,0.0
J054004-694438,16.56866861962532,0.8580735540285066,255.2283996993092,0.8525986807121934,55.33637868416761,0.9310270051158656,66956.2023453196,17.79169126554188,0.9688103773666832,0.5
J054004-694438,67.7801492628827,3.0904586287060987,235.57276919788256,0.2734267058030588,20.36707433377012,0.7150071207608231,9070.404198114064,26.78860240138225,1.5414925194474045,0.5
J054006-694511,65.54531007707155,1.6371524296963345,237.345922063606,0.3133152901508498,28.68447726951577,1.0572303827060847,17991.328099303868,36.484420236672776,1.6243227091857646,1.0
J054006-694511,15.584136889999488,1.414083751456478,257.43964007885216,2.18786514176554,52.45264955796978,1.5845924711690191,60159.49822460888,15.862406391933543,1.5169974216582065,1.0
J054009-691951,16.618088005761138,0.8528757245957707,280.72292118619555,2.258580733845448,46.66507005004824,2.4984858569296207,47616.03052685805,15.048453262653847,1.1160375665178983,0.0
J054009-691951,38.83719612760078,3.0856631289010794,251.07841002607003,0.4002202767826386,17.513777201847752,1.4175700377011944,6707.010480759787,13.19916858795553,1.4969757797091492,0.5
J054009-694025,27.59386001596596,3.521391028067227,235.6918348937561,0.5007167901310376,28.784854085939287,2.211635084546513,18117.46405595761,15.41329094040672,2.295910234621404,0.0
J054009-694025,33.66199607784251,2.920074442545056,253.34473200425265,1.9501912592158344,46.16054200009941,1.3423447994166429,46591.97741488714,30.152939177393,2.758712217307352,0.0
J054020-712405,8.39681239847269,0.6853016507097559,263.74006036414244,0.1774180552812111,12.4634651025697,0.7825772395274859,3396.6198850287624,2.0308233089862955,0.2091143655055124,0.5
J054020-712405,17.250217133293162,2.2789463789237496,228.19473420053916,0.9594109436099992,16.60137936139402,1.8499702837285,6026.396350662301,5.5572204727626575,0.9604375997799256,0.5
J054020-712405,43.72333877138431,1.3771838323624632,210.9705594530354,0.3787373475066573,20.154907884480124,0.4732892558548543,8882.413338515868,17.10066591628029,0.6718301478869179,1.0
J054020-712405,15.116607408293492,0.2709236967248906,249.2822320466682,2.6262602131731727,44.82549568828685,3.3303681280884745,43935.90184287781,13.149169451314751,1.004884142687365,1.0
J054021-712441,15.270668181406126,0.3261951266132623,252.9328496179511,1.352503359299634,39.71437963825872,2.0309041436951385,34487.75381983132,11.768597522101054,0.6521712339311152,0.0
J054021-712441,20.40127587794379,1.2681202534894471,229.33328448057904,0.3302903319963441,16.48950296614827,0.8662800641791389,5945.4464806720125,6.528054641820622,0.5312751740206316,0.0
J054021-712441,36.954319454679094,1.5089984433945651,208.86350695588013,0.5060522927579124,17.936739813405378,0.4861942607539622,7034.874603835706,12.862565647297476,0.6304040675055108,0.0
J054021-712441,6.0436751865790725,0.5831164752347587,263.292261933952,0.193512321026208,11.509288288307657,0.8649367204422327,2896.451633809214,1.3497970389168044,0.1650728003159849,0.5
J054024-694014,15.564835608372904,5.260026641230862,264.4053715050477,7.354651435148928,42.030691744744345,5.7086434541646485,38628.01747541326,12.694919841304843,4.6236341703463495,0.0
J054024-694014,55.267052615636594,6.696242198233754,239.40350354072208,1.4586512280380526,35.953205938979195,1.199308712827436,28264.713556077328,38.55873822399376,4.845634640719088,0.0
J054150-733215,6.090123761249488,0.1058658328379305,259.9892537655426,0.2617294870722168,33.53211194463198,0.6317839730050377,24586.18575306465,3.9628342947807984,0.1015839739580484,0.0
J054150-733215,1.16287817549448,0.0956029387077925,201.4318159998184,1.2705049276470564,31.15083152389875,3.1150710418000047,21218.204545046665,0.702947273850319,0.0909964170611797,1.0
J054306-710403,17.407192698366167,1.9027418556597613,212.87500557615692,0.2042583959696845,17.692639343065977,0.8657113314195667,6844.702761075941,5.976408143031317,0.7157239957783954,0.5
J054306-710403,17.472255789945454,0.5176180929873,264.932343559875,1.1653023752718397,47.94939826347276,1.5762379631386831,50273.100061867626,16.257397613420828,0.7193994012030606,0.5
J054306-710403,16.211157827790462,1.4796321734885354,219.779076271982,1.5902923533043605,36.283981665367754,2.434470984595612,28787.18649922432,11.414262602332736,1.292974582414431,0.0
J054309-710424,30.956170743714537,0.4076094997711618,214.40268225070176,0.2875985009229,21.734693155718045,0.4377835523539592,10329.430321809965,13.056285370335951,0.314171893711925,0.0
J054309-710424,38.17785914785959,1.3214065497125234,264.81793099560014,0.4645408503193111,21.979882899447087,1.3786910908875532,10563.798106210304,16.283802742194453,1.1665184290695505,1.0
J054309-710424,6.94633025148111,1.1256840027326862,287.01713383922333,3.766312182671197,27.74807208478646,4.28283354674772,16835.847059702508,3.740305952637057,0.8370352891648859,0.0
J054309-710424,13.772314421225357,0.4540524963118362,238.1232027215229,0.5648585868116774,21.464111567215948,2.2667153091498737,10073.842994698096,5.736390834876016,0.6345809973722423,0.5
J054314-680654,5.637737067498118,0.2657486271387413,293.6615588019387,1.1308389108015229,53.70881233318661,1.5946029044864831,63075.46219533175,5.8758304216424575,0.3273258889913654,0.0
J054314-680654,21.550505512794967,0.6397715354941644,277.5416760885326,0.2010402488339504,17.948163105080084,0.5761047472500831,7043.8379957388415,7.505789087650839,0.3281552265687075,0.0
J054314-684436,55.548870726325504,0.3233306749189928,267.30865420367934,0.1309735176404891,33.35209099745709,0.2292995256104313,24322.906921355527,35.95151436130855,0.3238431382941868,0.5
J054314-684436,8.970435443523087,0.2297701660024268,303.6657848204668,0.3734041997259097,19.428115537800227,0.8020708322655671,8253.358289473603,3.381918128759433,0.1642998156425476,1.0
J054317-662655,5.0153469106062785,0.3660057711720249,283.8204894471638,0.40287816199138,43.55903828744279,1.5212676042874536,41488.32572817734,4.239339017720801,0.3429723249674774,0.0
J054317-662655,22.48413340650588,0.351217683801813,285.9589965991072,0.061723120993737,16.36769861821122,0.2455260207093312,5857.935468465474,7.14138850677107,0.15465531979693,0.0
J054424-685820,18.559328866057488,3.8009167650531968,286.7215991866227,2.6335903267846263,38.58389582638595,2.3318795774942127,32552.28629681392,13.895917622866108,2.9671711473706024,0.0
J054424-685820,20.915201591916368,2.6479203809836536,253.42896699142136,2.982974039782837,46.797715948891494,2.898667958944124,47887.11328351247,18.99352615051584,2.6769594297557666,1.0
J054424-685820,13.359801148800743,1.219978768830616,245.09961664672528,0.3272530310476209,16.43851828245775,1.0257378732499405,5908.737298734108,4.26168700381346,0.4713315845687434,0.0
J054424-685820,15.212342377930922,1.7620797440203315,287.0275211677945,0.4492127746869946,17.3626786628601,1.2603414128890045,6591.78143790736,5.125446517421433,0.70062214665793,0.5
J054427-715528,8.132514789047924,0.3744600890436252,274.25675368418223,0.5289807827264038,27.16312581094419,0.9259865471285758,16133.508939953974,4.286703978222761,0.245582266984944,0.0
J054427-715528,12.309842564498997,0.1502853769329576,239.35569913729543,0.7349498113220079,43.94414158051548,1.3162462726731232,42225.16100784529,10.497173392830392,0.3395112201128979,0.0
J054504-693928,22.22526719538316,0.208557472250593,281.6387350202624,0.1878705073957624,38.033775308008906,0.4864966576495781,31630.65729136224,16.40345435339988,0.2602132066905785,1.0
J054504-693928,59.51922121010978,0.3965137923273171,233.9425027921966,0.0618335184709674,23.74893954408904,0.1583568207547513,12332.689222964696,27.42965523936925,0.2585327871415968,1.0
J054539-661715,43.75988649084449,0.3670377781368789,285.27666117540844,0.0407479404794983,12.452622043274912,0.1097582355096362,3390.712421927581,10.574403559164612,0.1286547783060473,0.5
J054539-661715,4.4371251648456465,0.2772393723866546,280.28201217995854,0.7037648808309865,46.224163406064775,1.9015124611168488,46720.49799712557,3.980060067964096,0.2977325547804506,0.0
J054552-684612,15.66771245885115,1.4090234773223924,252.6894509092723,0.2192475621886302,17.985756010606032,1.2840661467987138,7073.37590982453,5.468310635048875,0.627879175155085,0.5
J054552-684612,38.48994223829349,0.2772614877974546,277.4236001143418,0.3968585631888268,47.56193511539383,0.5020025165374332,49463.90233422312,35.52431092738773,0.4539264983788195,0.0
J054552-684612,13.374944456091564,0.3613949287389581,293.0049346050145,0.1047972434822052,8.963620519362618,0.3003839485144261,1756.856411895819,2.326453285126324,0.1001440753114518,0.5
J054608-712741,19.571604951036203,0.2224860424108996,270.55671983910344,0.2027528481353323,33.265291336297174,0.5127364085358093,24196.469701721715,12.633877438637311,0.2419538248350903,1.0
J054608-712741,30.307618780404766,0.2336784420468175,220.506090945592,0.1482570673362862,30.12544825837273,0.3545246782632636,19844.32720810273,17.717572592943977,0.2492571742131198,1.0
J054623-665544,15.311388268428686,0.646848805323166,283.54336909480566,0.1295880257756448,16.50429062301582,0.378437480986666,5956.114921715452,4.9037725602318565,0.2357095161649572,1.0
J054629-702643,15.512952813193731,1.3597531249271366,281.39053961294496,1.2585538135298513,29.933899617992243,1.5357209543477086,19592.774481071232,9.011076082081749,0.9151757075326988,1.0
J054629-702643,16.347316548740473,0.302703728708226,247.30764920871147,1.115484342299412,39.7589625940077,5.0262528049126525,34565.228479859536,12.61247747370484,1.6113384174819596,0.0
J054629-702643,29.130586092751532,1.1169497882395103,214.2862149433336,0.2557673159157705,21.91009637154674,0.5293419065704162,10496.824094946842,12.385467311378164,0.5612923104654038,0.0
J055033-682053,7.745767248510367,0.7939582533723165,305.5422250252114,0.4310178098554409,11.588529367425018,1.207676939652054,2936.4728860642304,1.7418536206347928,0.2546052582658719,0.0
J055033-682053,32.44924806119585,0.3680797918431772,287.5022000026649,0.2508182760663484,25.12329302486785,0.5163160628431185,13801.378652870828,15.81976720350526,0.3713301244662973,0.5
J055033-682053,9.28032814869017,0.2449257566326481,320.8480303895832,0.4601945596649894,15.66528132296214,0.9444975344652508,5365.9391171897305,2.821112586744209,0.1856616329056639,0.0
J055130-691631,8.518127214244199,0.3355702822360538,268.24804624952566,0.2540864686810369,12.381226869294167,0.6074805398042046,3351.9436329987866,2.0465704088739343,0.1287701929823605,1.0
J055130-691631,4.660545806170774,0.3084208952892623,323.1094367029711,1.783693563662781,25.30604720542734,3.853157012499712,14002.899486221091,2.2886531620539943,0.3799416469152775,1.0
J055130-691631,31.41308201046877,0.2732757576956645,294.0168983747477,0.2697942790563437,27.134078306798035,0.7170528218866455,16099.02192276288,16.540342920210627,0.4601432023883991,0.0
J055130-691631,3.052716477741436,0.16075194477307,227.92855148371905,0.8404524482741305,32.468684256197754,2.059877432244845,23051.475189948564,1.9234019317140847,0.1585751616928836,1.0
J055139-684315,16.474717104275072,0.2836809970122802,301.85344452255816,0.5237212756105092,42.21487850803509,0.6790354253337394,38967.31042422152,13.495916938525903,0.3179984338203961,0.0
J055139-684315,12.279853945425318,1.052740005740084,284.4769072912582,0.2803670176648082,15.843242255531974,1.103647026017443,5488.548038111984,3.7753407130090832,0.4170222364228017,0.0
J055142-684302,16.532325429189154,0.1994299077816195,301.2024104095017,0.2980247423683551,43.51295184353922,0.5987051610009455,41400.58100396909,13.959548718472,0.2554270924669563,1.0
J055206-681440,4.319525037790399,0.1256258665061576,318.37492249518976,0.2295215989371734,14.468514494340289,0.5472696503617801,4577.382776640398,1.2127710643217502,0.0578624997034524,1.0
J055206-681440,15.328196984071472,0.624396189531283,283.2017518329798,0.2455617324860081,8.340443285369634,0.4554801023444242,1521.0644310999564,2.4808419302582525,0.1690117834922088,0.5
J055206-681440,16.05954599445936,0.3930371424293225,283.5677844744375,0.1163050003029723,29.956942970178165,0.4140618956761713,19622.951436703268,9.335759243393982,0.2623962337368703,1.0
J055220-702147,8.251475496423295,0.3904764122046191,268.8108339542234,0.2313683096250144,15.373644173504813,0.7000757837752422,5168.005816504591,2.4616557923895424,0.1616599650163344,0.0
J055220-702147,9.084630974561078,0.1249876352143939,294.74506179499,0.5735062049688989,37.98084930171053,1.2300044071384848,31542.687082510387,6.6956207966427375,0.2355778938635893,1.0
J055220-702147,4.225533032963221,0.1325595427406503,221.86220327155056,0.4778164318622635,31.00658732499567,1.1440367693157505,21022.157332626102,2.5424613372896507,0.1231269080605425,1.0
J055227-694801,2.119609114951339,0.1741420846110623,224.856723592288,1.4273570320031164,29.889624722048968,3.376884751388138,19534.85843730092,1.2294054325535388,0.1717302347049207,1.0
J055227-694801,3.742270416969987,0.366884518426101,296.75463206410626,0.3668103989259266,8.192545984822246,1.0097785599470523,1467.5980271937972,0.5949396879881779,0.0936932773984858,0.0
J055227-694801,13.643497538514398,0.1922050638016767,284.1887611115917,0.3869794477941621,48.07570086961406,0.8231142522848075,50538.2957264114,12.728294883386315,0.28219909193331,1.0
J055613-692332,16.59793554106399,0.4465833974130337,299.0607349532143,0.1109367769337708,11.209502548652551,0.3255220360904778,2747.527347591431,3.6104330895049497,0.1429254346147387,0.0
J055613-692332,6.532643418079907,0.3057619131066928,303.9557861287136,0.5305767621230405,44.93895053176912,1.5774389925183927,44158.58980489324,5.696797290325715,0.3332835557429056,1.0
J055613-692332,1.1021354010957267,0.1460812355122528,227.82778711670483,2.076681688330234,31.7325249107648,4.958466831772394,22018.03729828434,0.6786697141998829,0.1390540302855064,1.0
J055636-720648,4.886873035231325,0.1552101552895999,287.28538886890425,0.3450648165170227,21.427620805709623,0.7306617893477523,10039.619381577457,2.03200089666855,0.0946856999803388,1.0
J055636-720648,1.6384776164213115,0.0792765345465,254.910253409409,1.964918282688448,38.77040502369384,3.998540903530931,32867.75338846385,1.2327066472507,0.140420389003298,0.0
J055653-682229,12.579022748144972,0.7447085001760979,283.13686849579085,0.1379288156278209,11.369184505086803,0.5456184616930961,2826.3632190898943,2.775205222636881,0.2114937474559624,0.0
J055653-682229,10.869055871555094,0.7819752156106516,282.2710526740125,0.179489318577946,26.77551393499019,0.7860044797374725,15676.350850994077,5.647399666721943,0.4388178814944256,0.0
